ID,Race/Ethnicity,Months Enrolled
1,White,13
2,Hispanic/Latino,6
3,White,9
4,White,12
5,Hispanic/Latino,5
6,Hispanic/Latino,12
7,Hispanic/Latino,13
8,Hispanic/Latino,11
9,Hispanic/Latino,26
10,Hispanic/Latino,12
11,Hispanic/Latino,6
12,Hispanic/Latino,26
13,Hispanic/Latino,6
14,Hispanic/Latino,2
15,White,11
16,White,11
17,White,19
18,Black or African American,23
19,White,21
20,White,16
21,White,7
22,Hispanic/Latino,7
23,White,3
24,White,6
25,Two or More Races,3
26,Hispanic/Latino,7
27,Hispanic/Latino,15
28,Hispanic/Latino,7
29,White,2
30,White,7
31,White,15
32,White,12
33,White,3
34,White,11
35,White,7
36,Two or More Races,11
37,White,2
38,Asian,12
39,White,3
40,Hispanic/Latino,11
41,White,15
42,Hispanic/Latino,5
43,Hispanic/Latino,2
44,Hispanic/Latino,9
45,Hispanic/Latino,15
46,Hispanic/Latino,11
47,White,24
48,White,11
49,Hispanic/Latino,7
50,Hispanic/Latino,18
51,Hispanic/Latino,5
52,White,8
53,White,9
54,White,17
55,White,3
56,White,10
57,Hispanic/Latino,12
58,White,5
59,White,5
60,White,9
61,White,5
62,White,9
63,Hispanic/Latino,13
64,White,19
65,White,15
66,Hispanic/Latino,5
67,Hispanic/Latino,6
68,Asian,13
69,White,9
70,White,7
71,White,5
72,White,5
73,Black or African American,4
74,White,23
75,White,1
76,White,5
77,White,3
78,White,6
79,White,14
80,White,12
81,American Indian or Alaska Native,5
82,Hispanic/Latino,8
83,White,24
84,White,7
85,Hispanic/Latino,10
86,Two or More Races,6
87,Hispanic/Latino,6
88,White,10
89,White,6
90,White,22
91,White,12
92,Black or African American,4
93,White,31
94,White,15
95,White,18
96,White,3
97,White,11
98,White,9
99,Hispanic/Latino,13
100,Hispanic/Latino,18
101,White,11
102,Two or More Races,6
103,White,16
104,White,3
105,White,13
106,White,13
107,White,18
108,White,12
109,Black or African American,21
110,White,2
111,White,9
112,White,2
113,White,11
114,White,17
115,White,18
116,Hispanic/Latino,11
117,White,11
118,White,11
119,White,2
120,Hispanic/Latino,5
121,White,3
122,Hispanic/Latino,12
123,Hispanic/Latino,12
124,Hispanic/Latino,12
125,White,12
126,White,3
127,Hispanic/Latino,9
128,Hispanic/Latino,7
129,White,4
130,Hispanic/Latino,4
131,White,5
132,Hispanic/Latino,11
133,White,35
134,White,9
135,Hispanic/Latino,8
136,Hispanic/Latino,30
137,White,19
138,White,9
139,White,5
140,Hispanic/Latino,12
141,Hispanic/Latino,16
142,Hispanic/Latino,31
143,Hispanic/Latino,5
144,White,34
145,Asian,6
146,White,6
147,Hispanic/Latino,6
148,White,36
149,White,14
150,White,11
151,White,15
152,White,13
153,White,13
154,Hispanic/Latino,11
155,White,5
156,White,13
157,White,13
158,White,6
159,White,7
160,Hispanic/Latino,9
161,White,36
162,White,12
163,White,29
164,White,9
165,White,7
166,White,9
167,White,3
168,Hispanic/Latino,35
169,Two or More Races,11
170,White,7
171,White,6
172,White,6
173,Asian,13
174,Hispanic/Latino,10
175,Hispanic/Latino,9
176,White,1
177,Hispanic/Latino,7
178,Hispanic/Latino,9
179,White,27
180,White,27
181,White,5
182,White,6
183,White,9
184,White,7
185,White,7
186,White,25
187,White,10
188,White,2
189,White,7
190,Hispanic/Latino,4
191,Hispanic/Latino,6
192,Hispanic/Latino,8
193,Hispanic/Latino,8
194,Hispanic/Latino,4
195,Hispanic/Latino,17
196,White,6
197,White,6
198,White,35
199,Two or More Races,5
200,White,6
201,White,6
202,White,9
203,Hispanic/Latino,8
204,Hispanic/Latino,4
205,White,16
206,Hispanic/Latino,8
207,Hispanic/Latino,7
208,Hispanic/Latino,9
209,Hispanic/Latino,2
210,White,35
211,White,15
212,White,7
213,White,6
214,White,8
215,Hispanic/Latino,12
216,White,6
217,White,22
218,White,19
219,Black or African American,13
220,White,9
221,Hispanic/Latino,12
222,Hispanic/Latino,17
223,White,30
224,White,4
225,White,4
226,White,2
227,White,5
228,White,21
229,White,13
230,Black or African American,18
231,White,10
232,White,22
233,White,11
234,Hispanic/Latino,13
235,Two or More Races,14
236,White,13
237,Hispanic/Latino,9
238,Hispanic/Latino,5
239,White,4
240,Hispanic/Latino,11
241,Hispanic/Latino,6
242,Hispanic/Latino,4
243,Hispanic/Latino,29
244,White,22
245,Native Hawaiian or Other Pacific Islander,18
246,Native Hawaiian or Other Pacific Islander,6
247,White,13
248,White,31
249,White,10
250,White,10
251,Two or More Races,10
252,Native Hawaiian or Other Pacific Islander,7
253,White,10
254,Hispanic/Latino,11
255,Hispanic/Latino,19
256,Hispanic/Latino,13
257,White,6
258,Native Hawaiian or Other Pacific Islander,10
259,White,6
260,White,8
261,White,15
262,White,12
263,Hispanic/Latino,36
264,Hispanic/Latino,12
265,Hispanic/Latino,13
266,Hispanic/Latino,14
267,Hispanic/Latino,12
268,Hispanic/Latino,21
269,Hispanic/Latino,10
270,Native Hawaiian or Other Pacific Islander,2
271,White,13
272,White,23
273,White,7
274,White,3
275,White,4
276,White,20
277,White,14
278,White,6
279,Hispanic/Latino,12
280,White,11
281,Black or African American,13
282,White,5
283,White,2
284,White,5
285,White,10
286,White,11
287,White,11
288,White,12
289,Hispanic/Latino,4
290,Hispanic/Latino,9
291,Hispanic/Latino,12
292,Hispanic/Latino,11
293,Hispanic/Latino,8
294,Black or African American,15
295,Hispanic/Latino,12
296,Hispanic/Latino,33
297,Hispanic/Latino,11
298,Hispanic/Latino,6
299,Hispanic/Latino,2
300,Hispanic/Latino,27
301,Hispanic/Latino,7
302,Hispanic/Latino,14
303,White,13
304,White,5
305,White,17
306,White,31
307,White,13
308,Hispanic/Latino,5
309,White,30
310,White,4
311,White,36
312,White,11
313,American Indian or Alaska Native,5
314,White,11
315,White,11
316,White,17
317,White,10
318,White,8
319,White,14
320,Asian,3
321,White,13
322,White,10
323,White,13
324,White,13
325,White,12
326,Hispanic/Latino,3
327,Hispanic/Latino,4
328,Hispanic/Latino,15
329,Hispanic/Latino,7
330,Hispanic/Latino,12
331,Hispanic/Latino,18
332,White,9
333,White,28
334,White,28
335,White,13
336,White,8
337,White,4
338,White,25
339,White,19
340,White,11
341,White,14
342,White,14
343,White,13
344,White,28
345,White,30
346,White,19
347,Hispanic/Latino,18
348,Hispanic/Latino,3
349,Hispanic/Latino,12
350,Hispanic/Latino,12
351,Hispanic/Latino,7
352,Hispanic/Latino,13
353,White,6
354,Two or More Races,2
355,White,10
356,White,2
357,White,12
358,White,6
359,White,22
360,White,2
361,White,35
362,White,4
363,American Indian or Alaska Native,6
364,White,2
365,White,9
366,Asian,24
367,White,4
368,White,2
369,White,16
370,White,11
371,White,3
372,White,6
373,White,9
374,Hispanic/Latino,6
375,Hispanic/Latino,25
376,Hispanic/Latino,24
377,Hispanic/Latino,4
378,Hispanic/Latino,17
379,Hispanic/Latino,6
380,Hispanic/Latino,30
381,Hispanic/Latino,2
382,Hispanic/Latino,12
383,Hispanic/Latino,4
384,Hispanic/Latino,25
385,Hispanic/Latino,18
386,Hispanic/Latino,7
387,Hispanic/Latino,13
388,White,9
389,White,18
390,White,12
391,White,10
392,White,7
393,White,5
394,Hispanic/Latino,11
395,White,14
396,White,2
397,White,11
398,White,2
399,White,23
400,White,12
401,White,28
402,White,12
403,Hispanic/Latino,32
404,White,7
405,White,11
406,White,19
407,White,31
408,White,16
409,White,27
410,White,6
411,White,4
412,White,7
413,White,11
414,Hispanic/Latino,6
415,White,14
416,Two or More Races,15
417,Hispanic/Latino,3
418,Hispanic/Latino,3
419,White,3
420,Hispanic/Latino,29
421,Black or African American,12
422,White,9
423,White,9
424,White,12
425,White,14
426,White,21
427,White,2
428,White,24
429,White,17
430,White,4
431,Hispanic/Latino,11
432,Asian,5
433,Hispanic/Latino,12
434,Hispanic/Latino,6
435,White,35
436,White,13
437,White,8
438,White,12
439,White,3
440,Two or More Races,32
441,White,10
442,Black or African American,3
443,White,12
444,White,3
445,White,4
446,White,13
447,Hispanic/Latino,6
448,Asian,16
449,White,10
450,White,19
451,White,4
452,White,4
453,White,11
454,White,6
455,American Indian or Alaska Native,1
456,Two or More Races,17
457,White,5
458,White,13
459,White,7
460,White,10
461,White,1
462,Two or More Races,5
463,Two or More Races,5
464,White,32
465,White,8
466,White,4
467,American Indian or Alaska Native,6
468,White,12
469,White,34
470,White,3
471,White,11
472,White,6
473,White,24
474,White,7
475,White,6
476,White,23
477,White,17
478,White,18
479,White,13
480,White,5
481,White,1
482,White,4
483,White,10
484,White,25
485,Hispanic/Latino,6
486,Hispanic/Latino,9
487,Hispanic/Latino,17
488,Hispanic/Latino,24
489,Hispanic/Latino,10
490,White,6
491,White,2
492,White,3
493,White,8
494,Hispanic/Latino,10
495,White,3
496,White,16
497,White,4
498,Native Hawaiian or Other Pacific Islander,18
499,White,5
500,Hispanic/Latino,6
501,White,9
502,Black or African American,4
503,Black or African American,4
504,White,12
505,Asian,4
506,White,10
507,Hispanic/Latino,10
508,Asian,12
509,Asian,10
510,White,17
511,White,3
512,White,5
513,Hispanic/Latino,8
514,Two or More Races,4
515,White,11
516,Hispanic/Latino,10
517,Hispanic/Latino,13
518,Hispanic/Latino,16
519,Hispanic/Latino,24
520,Hispanic/Latino,5
521,Hispanic/Latino,12
522,Hispanic/Latino,3
523,Hispanic/Latino,5
524,Hispanic/Latino,7
525,White,3
526,White,9
527,White,5
528,Hispanic/Latino,13
529,Hispanic/Latino,10
530,White,12
531,White,5
532,White,11
533,White,25
534,White,7
535,White,7
536,White,4
537,White,12
538,Hispanic/Latino,12
539,Hispanic/Latino,6
540,Hispanic/Latino,10
541,White,6
542,Hispanic/Latino,4
543,White,11
544,Hispanic/Latino,10
545,Hispanic/Latino,20
546,Hispanic/Latino,12
547,Hispanic/Latino,34
548,Hispanic/Latino,3
549,Hispanic/Latino,9
550,White,4
551,Hispanic/Latino,15
552,White,3
553,Two or More Races,6
554,White,7
555,Hispanic/Latino,11
556,Hispanic/Latino,11
557,White,13
558,Hispanic/Latino,5
559,Black or African American,11
560,Hispanic/Latino,13
561,White,6
562,Hispanic/Latino,10
563,White,31
564,White,13
565,Hispanic/Latino,11
566,Hispanic/Latino,6
567,Hispanic/Latino,14
568,Hispanic/Latino,6
569,Hispanic/Latino,6
570,White,10
571,White,7
572,Hispanic/Latino,24
573,White,30
574,White,21
575,White,21
576,Hispanic/Latino,8
577,White,11
578,Hispanic/Latino,12
579,Hispanic/Latino,7
580,Hispanic/Latino,10
581,Hispanic/Latino,13
582,Hispanic/Latino,8
583,White,6
584,Two or More Races,9
585,Hispanic/Latino,20
586,Hispanic/Latino,6
587,White,10
588,White,7
589,White,19
590,White,3
591,White,13
592,White,29
593,White,13
594,White,16
595,White,7
596,White,12
597,Two or More Races,8
598,White,3
599,White,3
600,Asian,3
601,White,6
602,White,13
603,White,11
604,Native Hawaiian or Other Pacific Islander,33
605,White,28
606,White,7
607,White,18
608,Hispanic/Latino,17
609,White,13
610,Hispanic/Latino,11
611,Hispanic/Latino,9
612,Hispanic/Latino,4
613,White,10
614,White,6
615,White,2
616,White,5
617,Asian,12
618,White,13
619,Hispanic/Latino,6
620,Hispanic/Latino,3
621,Hispanic/Latino,8
622,Hispanic/Latino,10
623,Hispanic/Latino,10
624,Hispanic/Latino,12
625,Hispanic/Latino,13
626,Hispanic/Latino,13
627,Hispanic/Latino,5
628,White,7
629,White,7
630,White,24
631,White,8
632,White,2
633,Hispanic/Latino,5
634,Hispanic/Latino,7
635,Hispanic/Latino,7
636,Hispanic/Latino,22
637,White,12
638,Hispanic/Latino,6
639,Hispanic/Latino,19
640,Hispanic/Latino,10
641,White,33
642,White,5
643,White,5
644,White,6
645,White,10
646,White,18
647,White,2
648,White,34
649,White,10
650,White,17
651,White,12
652,Hispanic/Latino,12
653,Hispanic/Latino,10
654,Hispanic/Latino,29
655,White,6
656,White,11
657,Hispanic/Latino,8
658,Hispanic/Latino,15
659,Hispanic/Latino,6
660,Hispanic/Latino,10
661,Hispanic/Latino,11
662,Hispanic/Latino,11
663,White,10
664,White,15
665,White,4
666,Two or More Races,23
667,White,7
668,White,7
669,White,12
670,White,11
671,White,10
672,White,14
673,White,5
674,White,29
675,White,9
676,White,10
677,White,11
678,Two or More Races,6
679,Hispanic/Latino,6
680,White,2
681,Asian,13
682,Hispanic/Latino,10
683,Hispanic/Latino,13
684,Hispanic/Latino,10
685,Hispanic/Latino,8
686,Hispanic/Latino,11
687,White,33
688,Hispanic/Latino,9
689,Hispanic/Latino,3
690,Hispanic/Latino,23
691,Two or More Races,4
692,White,6
693,White,10
694,White,10
695,White,7
696,White,15
697,White,7
698,Two or More Races,4
699,White,13
700,White,30
701,White,30
702,White,30
703,Hispanic/Latino,2
704,White,12
705,White,4
706,White,5
707,Two or More Races,8
708,White,10
709,White,9
710,White,2
711,White,2
712,Hispanic/Latino,28
713,Hispanic/Latino,12
714,Hispanic/Latino,10
715,Hispanic/Latino,4
716,White,5
717,White,6
718,Hispanic/Latino,23
719,White,11
720,White,14
721,Hispanic/Latino,5
722,Hispanic/Latino,4
723,Hispanic/Latino,11
724,Hispanic/Latino,13
725,Hispanic/Latino,20
726,Hispanic/Latino,33
727,Hispanic/Latino,11
728,Hispanic/Latino,13
729,Hispanic/Latino,2
730,White,7
731,Hispanic/Latino,11
732,White,26
733,Hispanic/Latino,11
734,Hispanic/Latino,5
735,White,7
736,White,28
737,White,13
738,Hispanic/Latino,8
739,Hispanic/Latino,7
740,Hispanic/Latino,7
741,Hispanic/Latino,3
742,White,7
743,White,3
744,Hispanic/Latino,12
745,Hispanic/Latino,8
746,Hispanic/Latino,11
747,White,6
748,Hispanic/Latino,20
749,Asian,13
750,White,6
751,Hispanic/Latino,12
752,White,16
753,White,13
754,Hispanic/Latino,6
755,White,5
756,White,6
757,White,17
758,Black or African American,6
759,Two or More Races,3
760,Two or More Races,9
761,White,3
762,White,5
763,White,6
764,Two or More Races,18
765,White,3
766,White,12
767,White,9
768,Black or African American,5
769,White,7
770,White,6
771,White,13
772,White,11
773,Hispanic/Latino,15
774,Hispanic/Latino,35
775,Hispanic/Latino,6
776,Two or More Races,7
777,White,14
778,White,35
779,White,32
780,White,36
781,White,8
782,White,11
783,White,34
784,White,24
785,White,13
786,Hispanic/Latino,10
787,Hispanic/Latino,6
788,White,6
789,Hispanic/Latino,20
790,Two or More Races,14
791,White,3
792,White,16
793,White,16
794,White,6
795,White,30
796,White,34
797,White,8
798,White,12
799,White,3
800,White,13
801,White,7
802,Hispanic/Latino,6
803,Asian,14
804,Asian,27
805,White,7
806,White,6
807,White,12
808,White,12
809,White,4
810,White,17
811,White,3
812,Hispanic/Latino,12
813,Native Hawaiian or Other Pacific Islander,21
814,Hispanic/Latino,6
815,Hispanic/Latino,4
816,White,12
817,White,3
818,White,35
819,Asian,2
820,White,16
821,Two or More Races,5
822,White,11
823,White,10
824,White,13
825,White,7
826,White,3
827,White,18
828,Hispanic/Latino,13
829,White,13
830,Hispanic/Latino,24
831,White,5
832,White,9
833,White,10
834,Hispanic/Latino,8
835,Hispanic/Latino,11
836,Hispanic/Latino,2
837,Hispanic/Latino,9
838,White,4
839,Two or More Races,2
840,Asian,11
841,Asian,11
842,White,16
843,White,9
844,Hispanic/Latino,13
845,White,33
846,White,12
847,Hispanic/Latino,13
848,White,8
849,White,8
850,Hispanic/Latino,9
851,Hispanic/Latino,5
852,Hispanic/Latino,18
853,Native Hawaiian or Other Pacific Islander,18
854,Hispanic/Latino,6
855,Hispanic/Latino,14
856,Hispanic/Latino,9
857,Hispanic/Latino,6
858,Hispanic/Latino,21
859,Hispanic/Latino,12
860,Hispanic/Latino,4
861,Hispanic/Latino,11
862,Hispanic/Latino,9
863,Hispanic/Latino,35
864,Hispanic/Latino,15
865,White,10
866,White,13
867,Hispanic/Latino,27
868,Hispanic/Latino,7
869,Hispanic/Latino,13
870,White,13
871,White,14
872,White,9
873,Black or African American,3
874,White,33
875,White,1
876,Hispanic/Latino,10
877,White,7
878,White,34
879,White,5
880,White,33
881,White,7
882,White,12
883,White,14
884,White,3
885,White,29
886,White,9
887,White,12
888,White,10
889,White,4
890,White,13
891,White,29
892,White,4
893,White,12
894,White,12
895,White,3
896,White,3
897,White,7
898,White,18
899,White,2
900,Hispanic/Latino,10
901,Asian,13
902,White,7
903,Hispanic/Latino,27
904,White,12
905,Two or More Races,9
906,Hispanic/Latino,6
907,White,10
908,White,6
909,White,9
910,White,3
911,White,11
912,White,3
913,Native Hawaiian or Other Pacific Islander,11
914,White,8
915,White,34
916,White,11
917,Hispanic/Latino,36
918,Hispanic/Latino,3
919,White,10
920,White,12
921,White,12
922,White,7
923,Hispanic/Latino,28
924,White,7
925,White,6
926,Hispanic/Latino,5
927,Two or More Races,14
928,Asian,19
929,White,7
930,Two or More Races,35
931,White,5
932,White,33
933,White,5
934,White,4
935,White,9
936,White,7
937,Hispanic/Latino,12
938,White,6
939,White,7
940,White,4
941,White,10
942,White,13
943,White,11
944,White,9
945,White,16
946,White,12
947,White,5
948,Hispanic/Latino,5
949,White,18
950,White,8
951,White,6
952,White,7
953,White,12
954,White,6
955,White,26
956,White,31
957,White,7
958,White,8
959,Black or African American,13
960,White,11
961,White,11
962,White,8
963,White,36
964,White,20
965,White,11
966,Hispanic/Latino,11
967,White,1
968,White,6
969,White,4
970,White,9
971,White,30
972,White,10
973,White,14
974,White,35
975,White,6
976,White,9
977,White,18
978,White,30
979,Hispanic/Latino,11
980,White,26
981,White,6
982,White,13
983,White,18
984,Hispanic/Latino,8
985,White,6
986,White,24
987,White,14
988,White,12
989,Hispanic/Latino,6
990,White,10
991,White,7
992,White,5
993,White,6
994,White,36
995,Hispanic/Latino,4
996,White,8
997,White,14
998,Hispanic/Latino,12
999,White,8
1000,White,17
1001,White,9
1002,White,11
1003,Hispanic/Latino,6
1004,Black or African American,4
1005,White,6
1006,White,3
1007,White,17
1008,White,34
1009,White,8
1010,White,5
1011,Hispanic/Latino,27
1012,White,11
1013,White,11
1014,Hispanic/Latino,3
1015,White,3
1016,White,7
1017,White,14
1018,White,5
1019,White,16
1020,White,5
1021,White,4
1022,White,13
1023,White,8
1024,White,9
1025,White,12
1026,Hispanic/Latino,13
1027,White,7
1028,White,4
1029,Hispanic/Latino,8
1030,American Indian or Alaska Native,8
1031,Hispanic/Latino,33
1032,White,7
1033,White,8
1034,White,13
1035,White,28
1036,White,21
1037,White,21
1038,White,19
1039,White,5
1040,Hispanic/Latino,2
1041,White,12
1042,White,8
1043,Hispanic/Latino,8
1044,White,4
1045,White,3
1046,Two or More Races,9
1047,Hispanic/Latino,17
1048,White,14
1049,Hispanic/Latino,10
1050,Hispanic/Latino,4
1051,Hispanic/Latino,10
1052,White,11
1053,White,8
1054,White,8
1055,White,27
1056,Native Hawaiian or Other Pacific Islander,13
1057,White,11
1058,White,13
1059,White,4
1060,White,13
1061,White,11
1062,White,27
1063,Black or African American,3
1064,Hispanic/Latino,18
1065,White,6
1066,Hispanic/Latino,13
1067,Hispanic/Latino,8
1068,Two or More Races,2
1069,White,8
1070,White,11
1071,Hispanic/Latino,7
1072,Hispanic/Latino,9
1073,Hispanic/Latino,10
1074,White,21
1075,Hispanic/Latino,22
1076,Hispanic/Latino,35
1077,White,12
1078,White,4
1079,White,26
1080,White,28
1081,White,5
1082,White,11
1083,Hispanic/Latino,2
1084,Hispanic/Latino,33
1085,White,11
1086,White,18
1087,White,5
1088,Hispanic/Latino,13
1089,Two or More Races,8
1090,Hispanic/Latino,8
1091,White,7
1092,White,6
1093,White,7
1094,White,5
1095,White,12
1096,Black or African American,3
1097,White,6
1098,White,7
1099,Hispanic/Latino,3
1100,Hispanic/Latino,18
1101,Hispanic/Latino,7
1102,White,11
1103,White,6
1104,White,5
1105,White,16
1106,Hispanic/Latino,5
1107,Hispanic/Latino,5
1108,White,11
1109,Two or More Races,8
1110,White,7
1111,Two or More Races,14
1112,White,7
1113,American Indian or Alaska Native,33
1114,White,27
1115,White,16
1116,White,4
1117,White,11
1118,White,7
1119,White,30
1120,White,25
1121,White,23
1122,White,17
1123,White,10
1124,Hispanic/Latino,34
1125,White,12
1126,Hispanic/Latino,12
1127,Hispanic/Latino,13
1128,White,10
1129,White,7
1130,White,18
1131,White,12
1132,White,7
1133,White,18
1134,White,15
1135,White,6
1136,White,14
1137,Hispanic/Latino,6
1138,White,15
1139,White,6
1140,White,16
1141,Hispanic/Latino,8
1142,Hispanic/Latino,13
1143,Hispanic/Latino,2
1144,White,16
1145,White,14
1146,White,27
1147,White,30
1148,Hispanic/Latino,9
1149,White,6
1150,White,33
1151,White,14
1152,Two or More Races,3
1153,White,25
1154,White,12
1155,White,25
1156,White,26
1157,Hispanic/Latino,9
1158,Native Hawaiian or Other Pacific Islander,5
1159,White,8
1160,White,9
1161,Hispanic/Latino,5
1162,Native Hawaiian or Other Pacific Islander,9
1163,Hispanic/Latino,5
1164,White,5
1165,White,4
1166,White,11
1167,White,4
1168,Hispanic/Latino,6
1169,Asian,11
1170,White,4
1171,Hispanic/Latino,6
1172,White,2
1173,White,27
1174,White,7
1175,Hispanic/Latino,14
1176,White,13
1177,White,8
1178,White,2
1179,White,4
1180,Native Hawaiian or Other Pacific Islander,12
1181,Hispanic/Latino,4
1182,Hispanic/Latino,8
1183,White,9
1184,White,12
1185,White,7
1186,Hispanic/Latino,13
1187,White,15
1188,Hispanic/Latino,8
1189,White,8
1190,White,35
1191,White,7
1192,Hispanic/Latino,4
1193,White,5
1194,Hispanic/Latino,35
1195,White,17
1196,White,29
1197,White,12
1198,White,33
1199,White,12
1200,White,12
1201,White,11
1202,Two or More Races,3
1203,White,11
1204,White,8
1205,White,12
1206,White,32
1207,White,21
1208,Hispanic/Latino,12
1209,White,3
1210,White,34
1211,White,7
1212,Native Hawaiian or Other Pacific Islander,5
1213,White,22
1214,White,6
1215,Hispanic/Latino,12
1216,White,23
1217,Hispanic/Latino,28
1218,White,11
1219,White,9
1220,White,6
1221,White,9
1222,White,12
1223,Hispanic/Latino,5
1224,White,14
1225,White,10
1226,White,10
1227,White,12
1228,Hispanic/Latino,9
1229,White,13
1230,White,8
1231,Hispanic/Latino,5
1232,White,13
1233,White,16
1234,White,6
1235,White,12
1236,White,4
1237,Two or More Races,4
1238,White,8
1239,Hispanic/Latino,14
1240,White,13
1241,White,11
1242,White,18
1243,White,9
1244,White,28
1245,White,4
1246,White,19
1247,White,5
1248,White,27
1249,White,10
1250,White,5
1251,White,3
1252,Hispanic/Latino,3
1253,White,12
1254,White,8
1255,Hispanic/Latino,23
1256,White,2
1257,White,17
1258,White,7
1259,White,13
1260,White,17
1261,White,34
1262,White,4
1263,Hispanic/Latino,2
1264,White,10
1265,Hispanic/Latino,34
1266,White,8
1267,White,9
1268,White,13
1269,White,9
1270,Hispanic/Latino,15
1271,White,6
1272,Hispanic/Latino,13
1273,White,17
1274,White,14
1275,White,14
1276,White,17
1277,White,6
1278,White,17
1279,White,9
1280,Two or More Races,5
1281,White,2
1282,White,2
1283,White,10
1284,White,6
1285,White,13
1286,White,35
1287,Hispanic/Latino,7
1288,Hispanic/Latino,7
1289,White,8
1290,White,15
1291,White,4
1292,White,11
1293,Two or More Races,2
1294,White,30
1295,White,12
1296,Hispanic/Latino,10
1297,White,6
1298,White,7
1299,Black or African American,9
1300,Hispanic/Latino,11
1301,White,4
1302,White,3
1303,White,12
1304,White,5
1305,White,9
1306,Hispanic/Latino,9
1307,White,2
1308,White,14
1309,White,4
1310,White,11
1311,White,2
1312,Hispanic/Latino,8
1313,Two or More Races,6
1314,White,6
1315,White,11
1316,White,34
1317,White,11
1318,Hispanic/Latino,30
1319,White,10
1320,White,18
1321,White,17
1322,White,16
1323,White,30
1324,Hispanic/Latino,14
1325,Hispanic/Latino,12
1326,Hispanic/Latino,7
1327,White,6
1328,White,16
1329,White,13
1330,White,13
1331,White,4
1332,Asian,3
1333,White,11
1334,White,10
1335,White,4
1336,White,18
1337,Hispanic/Latino,4
1338,White,20
1339,White,10
1340,White,14
1341,White,14
1342,White,10
1343,White,10
1344,White,31
1345,White,4
1346,White,12
1347,White,21
1348,White,6
1349,White,13
1350,Hispanic/Latino,21
1351,Two or More Races,5
1352,White,7
1353,White,12
1354,White,24
1355,Asian,13
1356,Hispanic/Latino,6
1357,White,4
1358,White,4
1359,White,5
1360,White,5
1361,White,17
1362,White,6
1363,White,12
1364,White,6
1365,Two or More Races,10
1366,White,11
1367,White,9
1368,White,11
1369,White,8
1370,Hispanic/Latino,11
1371,White,11
1372,White,9
1373,White,4
1374,White,11
1375,White,5
1376,White,15
1377,Hispanic/Latino,20
1378,Hispanic/Latino,8
1379,Hispanic/Latino,8
1380,Asian,35
1381,Two or More Races,10
1382,White,14
1383,Hispanic/Latino,6
1384,Native Hawaiian or Other Pacific Islander,14
1385,White,8
1386,Black or African American,14
1387,Two or More Races,12
1388,White,10
1389,White,15
1390,Hispanic/Latino,4
1391,Hispanic/Latino,26
1392,Hispanic/Latino,22
1393,Two or More Races,3
1394,White,11
1395,Hispanic/Latino,7
1396,White,4
1397,Two or More Races,5
1398,White,12
1399,White,10
1400,White,5
1401,White,34
1402,White,11
1403,Two or More Races,36
1404,White,6
1405,White,1
1406,White,7
1407,White,2
1408,White,2
1409,Two or More Races,12
1410,White,11
1411,White,6
1412,White,3
1413,White,11
1414,Hispanic/Latino,3
1415,White,35
1416,Black or African American,20
1417,White,11
1418,White,12
1419,White,10
1420,White,35
1421,White,12
1422,White,35
1423,Two or More Races,12
1424,White,16
1425,White,25
1426,White,15
1427,White,6
1428,Asian,29
1429,White,5
1430,Hispanic/Latino,4
1431,White,12
1432,White,8
1433,White,7
1434,White,11
1435,White,3
1436,White,18
1437,White,5
1438,White,32
1439,Hispanic/Latino,9
1440,Hispanic/Latino,11
1441,White,4
1442,Hispanic/Latino,5
1443,White,26
1444,White,11
1445,White,17
1446,White,5
1447,White,13
1448,White,7
1449,White,8
1450,White,10
1451,White,5
1452,White,18
1453,White,8
1454,White,17
1455,White,5
1456,White,18
1457,White,19
1458,White,16
1459,White,16
1460,White,16
1461,White,32
1462,White,4
1463,White,9
1464,White,9
1465,White,3
1466,White,5
1467,White,6
1468,White,6
1469,White,8
1470,White,10
1471,White,8
1472,White,6
1473,White,9
1474,White,16
1475,White,10
1476,White,20
1477,White,8
1478,White,17
1479,White,17
1480,White,10
1481,White,5
1482,Hispanic/Latino,12
1483,White,24
1484,White,3
1485,Hispanic/Latino,3
1486,White,3
1487,Hispanic/Latino,7
1488,White,6
1489,White,7
1490,White,9
1491,White,10
1492,White,13
1493,Hispanic/Latino,5
1494,White,19
1495,White,11
1496,Hispanic/Latino,34
1497,White,11
1498,Asian,6
1499,White,6
1500,Hispanic/Latino,13
1501,White,9
1502,White,10
1503,White,3
1504,White,4
1505,White,4
1506,White,31
1507,White,12
1508,Hispanic/Latino,3
1509,White,5
1510,White,7
1511,White,3
1512,Hispanic/Latino,12
1513,White,11
1514,White,8
1515,Hispanic/Latino,2
1516,Hispanic/Latino,2
1517,Black or African American,5
1518,White,26
1519,White,14
1520,White,11
1521,White,4
1522,White,11
1523,White,7
1524,White,7
1525,American Indian or Alaska Native,25
1526,White,19
1527,White,13
1528,White,15
1529,White,9
1530,American Indian or Alaska Native,5
1531,White,7
1532,Black or African American,17
1533,White,13
1534,White,11
1535,White,33
1536,Hispanic/Latino,6
1537,Hispanic/Latino,16
1538,White,5
1539,White,9
1540,Hispanic/Latino,26
1541,White,5
1542,Black or African American,8
1543,White,11
1544,White,11
1545,White,11
1546,White,9
1547,White,11
1548,Black or African American,6
1549,White,12
1550,White,8
1551,White,34
1552,White,15
1553,White,8
1554,White,3
1555,White,17
1556,White,15
1557,Hispanic/Latino,8
1558,White,4
1559,Hispanic/Latino,22
1560,Two or More Races,9
1561,White,12
1562,White,35
1563,White,6
1564,White,12
1565,White,7
1566,White,10
1567,Hispanic/Latino,11
1568,Native Hawaiian or Other Pacific Islander,10
1569,White,5
1570,White,34
1571,White,7
1572,White,5
1573,White,7
1574,White,15
1575,White,9
1576,White,22
1577,Hispanic/Latino,15
1578,White,4
1579,White,11
1580,White,17
1581,White,7
1582,White,13
1583,White,13
1584,White,25
1585,White,5
1586,White,7
1587,White,8
1588,White,18
1589,White,11
1590,White,3
1591,White,15
1592,White,7
1593,Hispanic/Latino,7
1594,Hispanic/Latino,7
1595,White,7
1596,White,7
1597,White,6
1598,White,21
1599,White,27
1600,White,7
1601,White,3
1602,White,5
1603,White,10
1604,White,12
1605,White,14
1606,White,14
1607,White,12
1608,White,2
1609,White,8
1610,White,3
1611,White,6
1612,White,11
1613,White,6
1614,White,12
1615,White,3
1616,White,6
1617,White,6
1618,White,8
1619,White,7
1620,White,6
1621,White,9
1622,White,7
1623,White,18
1624,White,14
1625,White,9
1626,Hispanic/Latino,9
1627,Hispanic/Latino,19
1628,White,11
1629,White,13
1630,White,12
1631,White,6
1632,White,4
1633,White,5
1634,White,6
1635,White,19
1636,White,9
1637,White,16
1638,White,10
1639,White,3
1640,White,12
1641,White,4
1642,White,11
1643,White,12
1644,White,6
1645,White,6
1646,White,6
1647,White,4
1648,White,2
1649,White,30
1650,White,34
1651,Hispanic/Latino,12
1652,White,15
1653,White,12
1654,White,6
1655,White,21
1656,White,21
1657,White,5
1658,White,24
1659,White,6
1660,White,23
1661,White,4
1662,White,7
1663,White,23
1664,White,1
1665,White,6
1666,White,3
1667,White,29
1668,White,7
1669,White,3
1670,White,7
1671,White,7
1672,White,33
1673,White,9
1674,White,25
1675,White,11
1676,White,12
1677,White,12
1678,White,4
1679,White,3
1680,White,2
1681,White,31
1682,Hispanic/Latino,5
1683,White,5
1684,White,11
1685,White,16
1686,White,25
1687,White,7
1688,White,7
1689,Asian,13
1690,White,4
1691,White,5
1692,White,2
1693,Hispanic/Latino,15
1694,Hispanic/Latino,9
1695,White,4
1696,White,4
1697,White,17
1698,White,6
1699,White,6
1700,White,11
1701,Hispanic/Latino,12
1702,White,34
1703,White,7
1704,White,4
1705,White,17
1706,White,8
1707,White,34
1708,White,6
1709,White,3
1710,White,12
1711,Hispanic/Latino,7
1712,White,13
1713,White,28
1714,Hispanic/Latino,1
1715,Asian,23
1716,Native Hawaiian or Other Pacific Islander,4
1717,White,4
1718,White,12
1719,White,4
1720,White,7
1721,White,4
1722,White,13
1723,White,17
1724,White,15
1725,White,6
1726,White,2
1727,White,8
1728,White,20
1729,White,17
1730,White,11
1731,White,4
1732,White,3
1733,American Indian or Alaska Native,5
1734,White,7
1735,White,8
1736,White,6
1737,White,4
1738,White,22
1739,Hispanic/Latino,4
1740,White,7
1741,Hispanic/Latino,18
1742,White,17
1743,White,5
1744,White,18
1745,Hispanic/Latino,18
1746,White,2
1747,White,13
1748,White,12
1749,Hispanic/Latino,31
1750,White,7
1751,White,8
1752,White,10
1753,White,13
1754,White,31
1755,White,5
1756,White,7
1757,White,4
1758,White,11
1759,White,12
1760,White,8
1761,White,2
1762,White,34
1763,Hispanic/Latino,8
1764,White,10
1765,White,8
1766,White,11
1767,Hispanic/Latino,6
1768,White,4
1769,White,19
1770,Two or More Races,2
1771,White,6
1772,White,6
1773,White,5
1774,Hispanic/Latino,20
1775,White,11
1776,Hispanic/Latino,23
1777,Hispanic/Latino,23
1778,Hispanic/Latino,7
1779,White,6
1780,Hispanic/Latino,14
1781,Hispanic/Latino,9
1782,White,18
1783,White,17
1784,White,16
1785,White,18
1786,White,35
1787,White,11
1788,White,6
1789,White,3
1790,White,3
1791,Asian,9
1792,White,6
1793,White,1
1794,White,10
1795,White,5
1796,White,8
1797,White,4
1798,White,4
1799,White,12
1800,White,3
1801,White,11
1802,White,5
1803,White,12
1804,White,7
1805,White,20
1806,White,33
1807,White,7
1808,White,12
1809,Hispanic/Latino,11
1810,Hispanic/Latino,6
1811,Hispanic/Latino,10
1812,White,12
1813,White,21
1814,White,5
1815,White,10
1816,White,7
1817,White,12
1818,White,13
1819,White,6
1820,White,2
1821,White,6
1822,White,13
1823,White,10
1824,White,35
1825,White,13
1826,White,11
1827,White,5
1828,White,6
1829,White,11
1830,White,6
1831,White,19
1832,White,23
1833,White,3
1834,White,9
1835,White,35
1836,White,10
1837,Asian,3
1838,Asian,3
1839,White,21
1840,White,8
1841,White,5
1842,White,6
1843,Hispanic/Latino,5
1844,White,22
1845,White,3
1846,White,7
1847,White,19
1848,Hispanic/Latino,12
1849,White,9
1850,White,5
1851,Hispanic/Latino,12
1852,White,30
1853,White,6
1854,White,15
1855,White,10
1856,White,11
1857,White,12
1858,White,5
1859,White,7
1860,White,5
1861,White,7
1862,White,27
1863,White,12
1864,White,18
1865,Hispanic/Latino,13
1866,White,31
1867,White,9
1868,White,15
1869,White,4
1870,White,7
1871,White,7
1872,White,16
1873,White,19
1874,White,9
1875,White,8
1876,White,8
1877,White,15
1878,White,7
1879,White,10
1880,White,4
1881,White,11
1882,White,13
1883,Asian,11
1884,Hispanic/Latino,16
1885,White,11
1886,White,3
1887,White,5
1888,White,10
1889,White,7
1890,White,11
1891,White,4
1892,Hispanic/Latino,10
1893,White,11
1894,White,5
1895,White,4
1896,White,24
1897,White,31
1898,White,11
1899,Hispanic/Latino,10
1900,Hispanic/Latino,7
1901,White,13
1902,White,18
1903,White,6
1904,White,11
1905,White,7
1906,White,7
1907,White,13
1908,White,20
1909,White,22
1910,White,4
1911,White,10
1912,White,8
1913,White,12
1914,White,15
1915,White,2
1916,White,7
1917,White,10
1918,White,4
1919,White,5
1920,White,6
1921,White,3
1922,White,12
1923,White,7
1924,Two or More Races,7
1925,White,13
1926,White,4
1927,White,11
1928,White,12
1929,Hispanic/Latino,13
1930,American Indian or Alaska Native,6
1931,American Indian or Alaska Native,12
1932,American Indian or Alaska Native,8
1933,American Indian or Alaska Native,13
1934,American Indian or Alaska Native,7
1935,American Indian or Alaska Native,6
1936,White,5
1937,White,4
1938,American Indian or Alaska Native,7
1939,American Indian or Alaska Native,12
1940,American Indian or Alaska Native,24
1941,American Indian or Alaska Native,11
1942,American Indian or Alaska Native,6
1943,American Indian or Alaska Native,4
1944,American Indian or Alaska Native,33
1945,White,8
1946,White,5
1947,American Indian or Alaska Native,7
1948,White,3
1949,American Indian or Alaska Native,2
1950,American Indian or Alaska Native,17
1951,White,2
1952,American Indian or Alaska Native,18
1953,Hispanic/Latino,5
1954,White,26
1955,American Indian or Alaska Native,13
1956,American Indian or Alaska Native,7
1957,American Indian or Alaska Native,5
1958,American Indian or Alaska Native,17
1959,White,14
1960,White,18
1961,White,5
1962,White,8
1963,White,7
1964,White,5
1965,White,5
1966,White,25
1967,White,4
1968,White,18
1969,White,17
1970,Hispanic/Latino,14
1971,White,36
1972,White,11
1973,White,6
1974,White,8
1975,White,6
1976,Two or More Races,36
1977,Hispanic/Latino,7
1978,White,4
1979,White,4
1980,White,12
1981,White,5
1982,White,24
1983,White,7
1984,White,18
1985,White,36
1986,White,28
1987,White,2
1988,Hispanic/Latino,7
1989,White,11
1990,Hispanic/Latino,13
1991,White,5
1992,White,9
1993,White,6
1994,White,9
1995,Hispanic/Latino,5
1996,White,4
1997,White,5
1998,Hispanic/Latino,3
1999,White,5
2000,Hispanic/Latino,29
2001,White,13
2002,White,10
2003,White,10
2004,White,10
2005,White,11
2006,White,25
2007,White,2
2008,White,13
2009,White,13
2010,Native Hawaiian or Other Pacific Islander,9
2011,White,12
2012,Hispanic/Latino,32
2013,White,14
2014,White,5
2015,White,8
2016,White,17
2017,White,5
2018,White,26
2019,White,6
2020,Hispanic/Latino,3
2021,White,9
2022,White,8
2023,White,7
2024,White,9
2025,Hispanic/Latino,4
2026,Hispanic/Latino,11
2027,White,12
2028,White,14
2029,White,4
2030,Hispanic/Latino,4
2031,White,12
2032,Hispanic/Latino,15
2033,Hispanic/Latino,29
2034,White,3
2035,White,8
2036,White,7
2037,Hispanic/Latino,9
2038,Hispanic/Latino,9
2039,Hispanic/Latino,12
2040,White,11
2041,White,6
2042,White,11
2043,White,9
2044,White,24
2045,White,8
2046,Hispanic/Latino,21
2047,White,11
2048,White,7
2049,White,9
2050,White,4
2051,White,12
2052,White,13
2053,White,10
2054,White,14
2055,White,11
2056,White,2
2057,White,17
2058,White,15
2059,White,16
2060,White,6
2061,White,6
2062,White,10
2063,White,14
2064,White,10
2065,White,16
2066,White,21
2067,Hispanic/Latino,7
2068,Two or More Races,9
2069,White,12
2070,White,32
2071,Two or More Races,33
2072,White,3
2073,White,6
2074,White,7
2075,White,7
2076,White,11
2077,White,13
2078,White,3
2079,White,15
2080,White,10
2081,White,4
2082,White,10
2083,Native Hawaiian or Other Pacific Islander,3
2084,White,34
2085,White,14
2086,White,15
2087,White,7
2088,Hispanic/Latino,3
2089,White,5
2090,White,11
2091,White,7
2092,White,4
2093,White,5
2094,Hispanic/Latino,4
2095,White,24
2096,Black or African American,7
2097,White,7
2098,Hispanic/Latino,10
2099,White,4
2100,White,5
2101,Two or More Races,33
2102,Two or More Races,33
2103,White,7
2104,White,34
2105,White,10
2106,White,7
2107,White,3
2108,White,2
2109,White,6
2110,White,5
2111,White,13
2112,Hispanic/Latino,10
2113,White,3
2114,White,8
2115,White,22
2116,White,12
2117,White,11
2118,White,6
2119,Hispanic/Latino,5
2120,White,7
2121,White,4
2122,White,12
2123,Hispanic/Latino,14
2124,Native Hawaiian or Other Pacific Islander,4
2125,White,28
2126,Black or African American,34
2127,White,28
2128,Hispanic/Latino,10
2129,White,12
2130,Hispanic/Latino,6
2131,White,4
2132,White,5
2133,White,11
2134,White,14
2135,White,13
2136,White,10
2137,White,6
2138,White,14
2139,White,36
2140,White,16
2141,Asian,4
2142,Asian,8
2143,Hispanic/Latino,7
2144,White,5
2145,White,17
2146,Asian,28
2147,White,6
2148,Two or More Races,5
2149,White,10
2150,White,12
2151,White,6
2152,White,5
2153,White,5
2154,White,9
2155,White,11
2156,White,24
2157,White,15
2158,White,16
2159,White,2
2160,White,11
2161,White,3
2162,White,18
2163,White,6
2164,White,8
2165,White,3
2166,White,6
2167,White,13
2168,White,20
2169,White,4
2170,White,3
2171,White,15
2172,White,3
2173,White,6
2174,White,5
2175,Asian,18
2176,White,16
2177,Hispanic/Latino,15
2178,Hispanic/Latino,4
2179,Hispanic/Latino,3
2180,White,12
2181,White,3
2182,White,29
2183,Hispanic/Latino,4
2184,Two or More Races,14
2185,White,10
2186,White,10
2187,White,32
2188,White,26
2189,Hispanic/Latino,12
2190,White,13
2191,White,12
2192,Hispanic/Latino,5
2193,Hispanic/Latino,14
2194,White,20
2195,White,12
2196,White,4
2197,White,8
2198,Hispanic/Latino,18
2199,White,7
2200,White,7
2201,White,6
2202,White,6
2203,White,12
2204,White,7
2205,White,13
2206,Black or African American,17
2207,White,31
2208,White,9
2209,Two or More Races,4
2210,Native Hawaiian or Other Pacific Islander,2
2211,White,8
2212,White,16
2213,White,2
2214,White,11
2215,White,11
2216,White,9
2217,Black or African American,12
2218,Hispanic/Latino,4
2219,Hispanic/Latino,12
2220,Hispanic/Latino,4
2221,White,3
2222,White,11
2223,White,8
2224,White,4
2225,White,3
2226,White,4
2227,White,4
2228,White,12
2229,White,2
2230,White,13
2231,White,24
2232,White,5
2233,White,4
2234,Hispanic/Latino,4
2235,White,4
2236,White,26
2237,White,5
2238,White,5
2239,White,8
2240,White,9
2241,White,15
2242,White,11
2243,White,6
2244,White,11
2245,White,8
2246,White,11
2247,White,13
2248,White,16
2249,White,12
2250,Hispanic/Latino,5
2251,White,21
2252,White,11
2253,White,30
2254,Hispanic/Latino,9
2255,White,11
2256,White,5
2257,White,5
2258,Hispanic/Latino,7
2259,White,3
2260,Hispanic/Latino,14
2261,White,15
2262,White,12
2263,Asian,25
2264,Hispanic/Latino,36
2265,White,25
2266,White,16
2267,White,17
2268,White,21
2269,White,20
2270,White,15
2271,Hispanic/Latino,16
2272,White,27
2273,White,10
2274,White,8
2275,White,2
2276,White,24
2277,White,8
2278,White,8
2279,White,7
2280,Two or More Races,9
2281,White,2
2282,White,4
2283,White,3
2284,Hispanic/Latino,6
2285,White,5
2286,White,2
2287,White,12
2288,White,30
2289,White,4
2290,White,8
2291,Hispanic/Latino,36
2292,White,34
2293,White,3
2294,White,1
2295,Hispanic/Latino,7
2296,White,10
2297,Two or More Races,17
2298,White,4
2299,White,10
2300,Hispanic/Latino,5
2301,Hispanic/Latino,13
2302,Black or African American,9
2303,Hispanic/Latino,19
2304,White,11
2305,White,5
2306,White,11
2307,White,17
2308,White,14
2309,White,18
2310,White,18
2311,White,30
2312,White,7
2313,White,8
2314,White,4
2315,White,15
2316,White,11
2317,White,1
2318,White,31
2319,White,16
2320,White,12
2321,White,5
2322,White,17
2323,Native Hawaiian or Other Pacific Islander,8
2324,White,11
2325,White,11
2326,Hispanic/Latino,8
2327,White,3
2328,White,5
2329,White,17
2330,White,5
2331,Two or More Races,7
2332,Two or More Races,7
2333,White,11
2334,White,12
2335,White,26
2336,White,7
2337,White,10
2338,White,6
2339,White,3
2340,White,4
2341,Hispanic/Latino,4
2342,White,13
2343,White,11
2344,White,5
2345,White,11
2346,White,6
2347,White,5
2348,White,4
2349,White,6
2350,White,21
2351,White,7
2352,White,11
2353,White,15
2354,White,9
2355,White,8
2356,Hispanic/Latino,9
2357,Hispanic/Latino,5
2358,White,10
2359,White,2
2360,White,13
2361,White,20
2362,White,12
2363,White,6
2364,White,6
2365,White,6
2366,White,10
2367,White,26
2368,White,25
2369,White,12
2370,Two or More Races,3
2371,White,7
2372,Native Hawaiian or Other Pacific Islander,7
2373,Hispanic/Latino,9
2374,White,11
2375,White,5
2376,White,17
2377,White,16
2378,White,6
2379,White,19
2380,White,5
2381,White,12
2382,White,5
2383,Two or More Races,5
2384,White,15
2385,Hispanic/Latino,23
2386,Hispanic/Latino,9
2387,White,12
2388,White,8
2389,Hispanic/Latino,4
2390,American Indian or Alaska Native,32
2391,White,12
2392,White,14
2393,White,23
2394,White,7
2395,White,13
2396,White,12
2397,White,9
2398,White,13
2399,Hispanic/Latino,5
2400,American Indian or Alaska Native,6
2401,White,12
2402,White,7
2403,Hispanic/Latino,18
2404,White,32
2405,White,10
2406,White,10
2407,Hispanic/Latino,6
2408,White,7
2409,Hispanic/Latino,7
2410,White,3
2411,White,13
2412,Hispanic/Latino,9
2413,White,5
2414,White,5
2415,Hispanic/Latino,10
2416,Hispanic/Latino,10
2417,White,6
2418,Hispanic/Latino,9
2419,White,21
2420,Hispanic/Latino,6
2421,White,6
2422,White,7
2423,White,8
2424,White,6
2425,Hispanic/Latino,21
2426,White,6
2427,White,7
2428,White,3
2429,Hispanic/Latino,12
2430,White,6
2431,Hispanic/Latino,11
2432,White,22
2433,Black or African American,5
2434,Black or African American,8
2435,Hispanic/Latino,14
2436,White,9
2437,White,13
2438,White,34
2439,White,3
2440,White,36
2441,White,11
2442,White,5
2443,White,5
2444,White,2
2445,White,10
2446,White,10
2447,Black or African American,7
2448,White,6
2449,White,17
2450,White,11
2451,White,8
2452,White,12
2453,White,14
2454,White,14
2455,White,7
2456,White,3
2457,White,6
2458,White,13
2459,Hispanic/Latino,7
2460,Hispanic/Latino,13
2461,White,14
2462,White,24
2463,Native Hawaiian or Other Pacific Islander,7
2464,White,4
2465,White,13
2466,White,18
2467,White,18
2468,White,18
2469,White,11
2470,White,6
2471,White,10
2472,Hispanic/Latino,5
2473,White,3
2474,White,3
2475,White,6
2476,White,17
2477,White,11
2478,White,8
2479,White,6
2480,White,3
2481,White,13
2482,White,7
2483,Hispanic/Latino,7
2484,White,13
2485,White,34
2486,White,13
2487,White,4
2488,White,9
2489,White,10
2490,White,6
2491,White,12
2492,White,22
2493,White,8
2494,White,11
2495,Hispanic/Latino,4
2496,White,13
2497,White,6
2498,White,5
2499,Hispanic/Latino,10
2500,Hispanic/Latino,5
2501,White,7
2502,White,1
2503,White,6
2504,Hispanic/Latino,5
2505,Hispanic/Latino,11
2506,White,6
2507,White,12
2508,Hispanic/Latino,7
2509,Hispanic/Latino,25
2510,Hispanic/Latino,3
2511,Hispanic/Latino,3
2512,Hispanic/Latino,6
2513,Hispanic/Latino,13
2514,White,14
2515,Hispanic/Latino,8
2516,White,15
2517,White,8
2518,White,7
2519,White,13
2520,White,5
2521,White,10
2522,Hispanic/Latino,1
2523,White,8
2524,White,12
2525,White,3
2526,White,4
2527,White,12
2528,White,8
2529,White,24
2530,White,4
2531,White,24
2532,White,12
2533,White,4
2534,White,3
2535,White,7
2536,White,6
2537,White,5
2538,White,7
2539,Hispanic/Latino,27
2540,White,16
2541,White,6
2542,White,5
2543,American Indian or Alaska Native,5
2544,White,5
2545,Hispanic/Latino,33
2546,White,7
2547,Hispanic/Latino,11
2548,White,11
2549,White,6
2550,White,4
2551,White,25
2552,White,9
2553,White,9
2554,White,9
2555,White,12
2556,White,26
2557,White,8
2558,White,3
2559,American Indian or Alaska Native,35
2560,White,5
2561,White,21
2562,White,7
2563,Native Hawaiian or Other Pacific Islander,12
2564,Hispanic/Latino,9
2565,White,3
2566,Native Hawaiian or Other Pacific Islander,17
2567,White,33
2568,White,31
2569,White,15
2570,White,6
2571,White,35
2572,Hispanic/Latino,18
2573,White,12
2574,Hispanic/Latino,15
2575,Hispanic/Latino,5
2576,White,12
2577,White,9
2578,White,9
2579,Hispanic/Latino,28
2580,White,35
2581,White,9
2582,Hispanic/Latino,5
2583,Hispanic/Latino,17
2584,Hispanic/Latino,18
2585,White,8
2586,White,9
2587,White,7
2588,Hispanic/Latino,26
2589,White,8
2590,White,8
2591,White,7
2592,White,13
2593,Hispanic/Latino,4
2594,Hispanic/Latino,30
2595,Hispanic/Latino,10
2596,White,10
2597,White,12
2598,White,2
2599,White,3
2600,White,7
2601,White,11
2602,White,19
2603,White,11
2604,White,5
2605,White,11
2606,White,17
2607,White,8
2608,Asian,7
2609,White,4
2610,White,13
2611,White,9
2612,White,17
2613,White,32
2614,White,6
2615,White,11
2616,White,15
2617,Native Hawaiian or Other Pacific Islander,5
2618,Hispanic/Latino,4
2619,White,7
2620,White,12
2621,Hispanic/Latino,11
2622,White,16
2623,White,3
2624,Hispanic/Latino,11
2625,White,13
2626,White,8
2627,White,10
2628,Hispanic/Latino,4
2629,Hispanic/Latino,11
2630,White,13
2631,White,21
2632,White,12
2633,White,18
2634,White,8
2635,Hispanic/Latino,5
2636,White,4
2637,White,19
2638,White,8
2639,White,5
2640,White,35
2641,White,11
2642,White,25
2643,White,10
2644,Hispanic/Latino,11
2645,Hispanic/Latino,25
2646,White,3
2647,Hispanic/Latino,8
2648,Hispanic/Latino,7
2649,White,6
2650,White,5
2651,White,18
2652,White,11
2653,White,15
2654,White,18
2655,Hispanic/Latino,7
2656,White,4
2657,Hispanic/Latino,5
2658,White,4
2659,White,11
2660,White,14
2661,White,6
2662,White,6
2663,White,9
2664,White,5
2665,White,14
2666,White,12
2667,White,10
2668,White,3
2669,Hispanic/Latino,21
2670,Hispanic/Latino,3
2671,White,2
2672,White,17
2673,White,2
2674,White,12
2675,White,13
2676,Hispanic/Latino,5
2677,Hispanic/Latino,11
2678,Hispanic/Latino,13
2679,Hispanic/Latino,14
2680,White,8
2681,White,17
2682,White,15
2683,White,5
2684,White,12
2685,White,11
2686,White,13
2687,White,7
2688,White,7
2689,White,12
2690,White,12
2691,White,11
2692,White,5
2693,Hispanic/Latino,18
2694,White,11
2695,White,7
2696,White,7
2697,White,6
2698,White,24
2699,White,6
2700,White,12
2701,White,5
2702,Hispanic/Latino,7
2703,Hispanic/Latino,20
2704,White,3
2705,Hispanic/Latino,28
2706,Hispanic/Latino,9
2707,White,12
2708,Hispanic/Latino,13
2709,Hispanic/Latino,13
2710,White,32
2711,Hispanic/Latino,6
2712,White,12
2713,White,14
2714,Hispanic/Latino,3
2715,Hispanic/Latino,3
2716,White,3
2717,Hispanic/Latino,5
2718,Hispanic/Latino,3
2719,Hispanic/Latino,4
2720,White,32
2721,White,3
2722,White,4
2723,White,3
2724,White,12
2725,Two or More Races,12
2726,Two or More Races,19
2727,White,11
2728,White,3
2729,Hispanic/Latino,11
2730,White,17
2731,White,13
2732,Hispanic/Latino,11
2733,White,7
2734,White,4
2735,White,3
2736,White,10
2737,White,12
2738,White,3
2739,White,4
2740,White,7
2741,White,5
2742,White,3
2743,White,5
2744,Hispanic/Latino,3
2745,White,4
2746,Two or More Races,11
2747,Hispanic/Latino,12
2748,White,6
2749,White,2
2750,Hispanic/Latino,2
2751,White,1
2752,White,12
2753,White,27
2754,White,2
2755,Hispanic/Latino,11
2756,Hispanic/Latino,3
2757,Asian,8
2758,White,4
2759,White,3
2760,Hispanic/Latino,2
2761,White,4
2762,White,9
2763,Hispanic/Latino,5
2764,White,5
2765,White,22
2766,White,9
2767,Hispanic/Latino,5
2768,White,13
2769,White,7
2770,White,4
2771,White,5
2772,White,8
2773,White,30
2774,White,6
2775,Hispanic/Latino,9
2776,White,4
2777,White,3
2778,White,3
2779,White,13
2780,Hispanic/Latino,8
2781,White,28
2782,Two or More Races,6
2783,White,24
2784,White,14
2785,Hispanic/Latino,9
2786,White,11
2787,White,2
2788,Hispanic/Latino,3
2789,Hispanic/Latino,14
2790,White,17
2791,Two or More Races,3
2792,White,21
2793,White,23
2794,White,29
2795,Hispanic/Latino,10
2796,White,13
2797,White,33
2798,White,4
2799,White,20
2800,White,26
2801,White,11
2802,White,2
2803,White,11
2804,White,13
2805,White,11
2806,White,9
2807,Hispanic/Latino,6
2808,White,8
2809,White,25
2810,White,19
2811,American Indian or Alaska Native,13
2812,American Indian or Alaska Native,13
2813,American Indian or Alaska Native,9
2814,White,13
2815,White,2
2816,White,14
2817,White,14
2818,White,32
2819,Two or More Races,7
2820,White,13
2821,White,10
2822,White,22
2823,White,9
2824,White,9
2825,White,37
2826,White,7
2827,White,7
2828,Hispanic/Latino,26
2829,White,9
2830,Hispanic/Latino,6
2831,White,24
2832,White,34
2833,White,27
2834,White,7
2835,Hispanic/Latino,8
2836,White,18
2837,White,3
2838,White,9
2839,White,4
2840,White,10
2841,Hispanic/Latino,9
2842,White,3
2843,Hispanic/Latino,9
2844,Hispanic/Latino,8
2845,Two or More Races,33
2846,White,10
2847,White,9
2848,White,10
2849,Two or More Races,6
2850,White,34
2851,White,10
2852,White,32
2853,White,10
2854,Hispanic/Latino,14
2855,White,12
2856,White,17
2857,White,9
2858,White,11
2859,White,5
2860,White,11
2861,White,7
2862,Hispanic/Latino,4
2863,Hispanic/Latino,12
2864,Hispanic/Latino,10
2865,White,10
2866,White,17
2867,Two or More Races,7
2868,White,6
2869,Hispanic/Latino,17
2870,White,15
2871,White,9
2872,White,11
2873,Hispanic/Latino,19
2874,Hispanic/Latino,2
2875,White,30
2876,White,4
2877,White,13
2878,White,18
2879,White,7
2880,Hispanic/Latino,8
2881,White,14
2882,White,4
2883,White,13
2884,White,5
2885,White,12
2886,White,10
2887,Hispanic/Latino,11
2888,Hispanic/Latino,12
2889,White,13
2890,White,13
2891,Native Hawaiian or Other Pacific Islander,8
2892,White,29
2893,Hispanic/Latino,4
2894,White,13
2895,White,18
2896,White,5
2897,White,6
2898,White,7
2899,Hispanic/Latino,1
2900,White,17
2901,White,13
2902,Two or More Races,10
2903,White,16
2904,White,22
2905,White,9
2906,White,3
2907,White,5
2908,White,6
2909,White,3
2910,White,11
2911,White,5
2912,White,7
2913,White,30
2914,White,10
2915,White,12
2916,White,6
2917,White,11
2918,White,10
2919,White,2
2920,White,3
2921,White,11
2922,White,16
2923,White,28
2924,White,12
2925,White,12
2926,White,7
2927,White,22
2928,White,4
2929,White,7
2930,White,17
2931,White,17
2932,Hispanic/Latino,7
2933,White,17
2934,White,17
2935,White,6
2936,Hispanic/Latino,10
2937,White,16
2938,White,11
2939,White,18
2940,White,13
2941,White,23
2942,White,12
2943,White,24
2944,White,6
2945,White,9
2946,Hispanic/Latino,6
2947,Hispanic/Latino,3
2948,White,9
2949,White,6
2950,White,8
2951,White,16
2952,White,4
2953,White,1
2954,White,23
2955,Two or More Races,3
2956,Hispanic/Latino,6
2957,White,31
2958,White,4
2959,White,3
2960,White,26
2961,Hispanic/Latino,17
2962,White,17
2963,Hispanic/Latino,13
2964,Hispanic/Latino,10
2965,White,13
2966,White,10
2967,Hispanic/Latino,4
2968,White,21
2969,Hispanic/Latino,34
2970,White,12
2971,Native Hawaiian or Other Pacific Islander,10
2972,White,5
2973,White,10
2974,White,5
2975,White,12
2976,White,29
2977,White,23
2978,White,5
2979,White,5
2980,White,3
2981,White,18
2982,White,33
2983,White,9
2984,White,5
2985,White,14
2986,White,3
2987,White,3
2988,White,5
2989,White,7
2990,Hispanic/Latino,10
2991,White,12
2992,White,5
2993,White,23
2994,Native Hawaiian or Other Pacific Islander,7
2995,White,26
2996,Two or More Races,11
2997,White,8
2998,Two or More Races,12
2999,White,16
3000,White,10
3001,White,5
3002,White,13
3003,Hispanic/Latino,34
3004,Two or More Races,21
3005,White,16
3006,White,4
3007,Hispanic/Latino,13
3008,White,12
3009,Hispanic/Latino,14
3010,White,11
3011,Hispanic/Latino,7
3012,Hispanic/Latino,13
3013,Hispanic/Latino,13
3014,White,25
3015,White,5
3016,White,23
3017,White,13
3018,White,12
3019,White,13
3020,White,10
3021,White,3
3022,Hispanic/Latino,13
3023,White,18
3024,Hispanic/Latino,27
3025,Hispanic/Latino,13
3026,Hispanic/Latino,3
3027,Hispanic/Latino,9
3028,Hispanic/Latino,8
3029,White,5
3030,White,9
3031,White,11
3032,Hispanic/Latino,5
3033,Asian,6
3034,White,16
3035,White,7
3036,Hispanic/Latino,13
3037,White,6
3038,Hispanic/Latino,7
3039,White,19
3040,White,18
3041,Hispanic/Latino,9
3042,White,36
3043,White,9
3044,White,9
3045,White,3
3046,American Indian or Alaska Native,19
3047,White,10
3048,Hispanic/Latino,7
3049,White,11
3050,Hispanic/Latino,35
3051,White,4
3052,White,3
3053,White,30
3054,Hispanic/Latino,10
3055,Two or More Races,15
3056,White,32
3057,Hispanic/Latino,5
3058,White,7
3059,White,7
3060,Two or More Races,6
3061,White,19
3062,White,4
3063,White,8
3064,White,4
3065,White,4
3066,Hispanic/Latino,6
3067,White,11
3068,White,2
3069,White,6
3070,White,14
3071,Two or More Races,13
3072,Hispanic/Latino,16
3073,White,4
3074,White,3
3075,White,12
3076,White,12
3077,White,13
3078,White,3
3079,American Indian or Alaska Native,6
3080,White,6
3081,White,18
3082,White,6
3083,White,13
3084,White,31
3085,White,11
3086,White,16
3087,White,8
3088,White,4
3089,White,7
3090,Asian,20
3091,Two or More Races,5
3092,White,7
3093,White,5
3094,Hispanic/Latino,19
3095,Hispanic/Latino,19
3096,Hispanic/Latino,11
3097,Hispanic/Latino,5
3098,White,5
3099,Hispanic/Latino,5
3100,Hispanic/Latino,16
3101,White,9
3102,White,14
3103,Native Hawaiian or Other Pacific Islander,4
3104,White,9
3105,White,31
3106,White,7
3107,White,21
3108,White,22
3109,White,22
3110,White,14
3111,White,25
3112,White,7
3113,White,4
3114,White,10
3115,White,5
3116,White,35
3117,Hispanic/Latino,4
3118,Hispanic/Latino,18
3119,Hispanic/Latino,12
3120,Hispanic/Latino,17
3121,Two or More Races,15
3122,White,2
3123,Hispanic/Latino,6
3124,Hispanic/Latino,4
3125,Hispanic/Latino,19
3126,White,17
3127,Two or More Races,5
3128,White,7
3129,White,14
3130,Native Hawaiian or Other Pacific Islander,11
3131,White,11
3132,White,2
3133,White,10
3134,White,8
3135,White,18
3136,Hispanic/Latino,2
3137,White,5
3138,White,16
3139,Asian,11
3140,White,4
3141,Hispanic/Latino,12
3142,Hispanic/Latino,14
3143,White,9
3144,White,5
3145,White,15
3146,White,6
3147,White,9
3148,White,17
3149,White,6
3150,Hispanic/Latino,5
3151,White,5
3152,White,11
3153,White,8
3154,White,3
3155,White,1
3156,White,9
3157,Hispanic/Latino,7
3158,Hispanic/Latino,5
3159,White,9
3160,White,33
3161,White,14
3162,Hispanic/Latino,7
3163,White,8
3164,White,6
3165,White,17
3166,White,15
3167,White,11
3168,White,18
3169,White,4
3170,White,10
3171,White,5
3172,White,4
3173,Hispanic/Latino,3
3174,Hispanic/Latino,2
3175,Hispanic/Latino,25
3176,White,3
3177,Hispanic/Latino,20
3178,White,23
3179,White,4
3180,White,3
3181,Two or More Races,4
3182,American Indian or Alaska Native,10
3183,Hispanic/Latino,23
3184,Hispanic/Latino,31
3185,White,17
3186,White,22
3187,White,8
3188,White,34
3189,White,5
3190,American Indian or Alaska Native,12
3191,White,10
3192,White,13
3193,Hispanic/Latino,4
3194,White,3
3195,White,32
3196,White,8
3197,White,12
3198,White,11
3199,White,4
3200,White,16
3201,White,12
3202,White,7
3203,White,4
3204,White,11
3205,White,12
3206,White,6
3207,White,11
3208,White,8
3209,White,6
3210,White,13
3211,White,10
3212,White,10
3213,White,6
3214,Hispanic/Latino,6
3215,Hispanic/Latino,12
3216,White,2
3217,White,32
3218,White,8
3219,White,16
3220,White,14
3221,White,22
3222,White,1
3223,White,10
3224,Hispanic/Latino,20
3225,White,7
3226,White,30
3227,White,15
3228,White,5
3229,White,13
3230,White,10
3231,White,14
3232,White,15
3233,Hispanic/Latino,12
3234,White,5
3235,Hispanic/Latino,10
3236,White,6
3237,White,10
3238,White,6
3239,White,31
3240,White,6
3241,White,3
3242,White,15
3243,White,11
3244,White,5
3245,White,5
3246,White,2
3247,Hispanic/Latino,2
3248,Hispanic/Latino,13
3249,Hispanic/Latino,7
3250,White,13
3251,White,5
3252,White,8
3253,White,16
3254,White,6
3255,White,7
3256,White,3
3257,White,4
3258,Hispanic/Latino,11
3259,American Indian or Alaska Native,7
3260,American Indian or Alaska Native,6
3261,White,5
3262,White,19
3263,White,6
3264,Hispanic/Latino,19
3265,White,14
3266,White,29
3267,White,20
3268,White,6
3269,White,34
3270,White,17
3271,White,11
3272,White,21
3273,White,8
3274,White,10
3275,White,4
3276,White,15
3277,White,11
3278,White,12
3279,White,6
3280,White,19
3281,Hispanic/Latino,22
3282,Hispanic/Latino,7
3283,White,12
3284,White,33
3285,Hispanic/Latino,13
3286,White,3
3287,Hispanic/Latino,6
3288,Hispanic/Latino,13
3289,Hispanic/Latino,5
3290,Hispanic/Latino,9
3291,White,5
3292,White,12
3293,White,11
3294,White,11
3295,White,13
3296,White,11
3297,Hispanic/Latino,8
3298,Hispanic/Latino,13
3299,White,4
3300,Hispanic/Latino,8
3301,White,23
3302,White,3
3303,White,14
3304,Asian,10
3305,Hispanic/Latino,8
3306,White,5
3307,White,13
3308,White,18
3309,Hispanic/Latino,12
3310,White,3
3311,White,6
3312,White,9
3313,White,25
3314,White,31
3315,Hispanic/Latino,11
3316,White,11
3317,White,35
3318,White,5
3319,White,10
3320,White,10
3321,Hispanic/Latino,5
3322,American Indian or Alaska Native,9
3323,White,6
3324,White,7
3325,White,12
3326,Hispanic/Latino,4
3327,Hispanic/Latino,28
3328,Hispanic/Latino,30
3329,Hispanic/Latino,17
3330,White,8
3331,White,15
3332,White,26
3333,White,10
3334,White,16
3335,White,12
3336,Hispanic/Latino,5
3337,Hispanic/Latino,5
3338,Hispanic/Latino,15
3339,White,7
3340,White,19
3341,Hispanic/Latino,12
3342,Hispanic/Latino,11
3343,White,10
3344,White,7
3345,Hispanic/Latino,6
3346,Hispanic/Latino,6
3347,White,6
3348,Asian,15
3349,White,5
3350,Hispanic/Latino,36
3351,White,7
3352,White,16
3353,White,2
3354,White,7
3355,White,20
3356,American Indian or Alaska Native,21
3357,White,11
3358,Hispanic/Latino,30
3359,White,15
3360,White,20
3361,White,13
3362,American Indian or Alaska Native,14
3363,American Indian or Alaska Native,15
3364,White,6
3365,White,5
3366,White,29
3367,Hispanic/Latino,10
3368,White,2
3369,White,4
3370,White,9
3371,White,7
3372,White,2
3373,Hispanic/Latino,5
3374,White,14
3375,White,17
3376,White,15
3377,White,5
3378,White,9
3379,White,26
3380,Hispanic/Latino,3
3381,White,2
3382,White,12
3383,White,13
3384,White,6
3385,White,3
3386,Hispanic/Latino,6
3387,White,2
3388,White,19
3389,White,9
3390,White,5
3391,Hispanic/Latino,9
3392,Hispanic/Latino,9
3393,White,7
3394,White,8
3395,White,29
3396,White,25
3397,American Indian or Alaska Native,3
3398,American Indian or Alaska Native,13
3399,American Indian or Alaska Native,4
3400,American Indian or Alaska Native,18
3401,American Indian or Alaska Native,13
3402,Two or More Races,14
3403,Two or More Races,14
3404,White,13
3405,White,24
3406,White,7
3407,White,11
3408,White,11
3409,White,20
3410,White,5
3411,White,26
3412,American Indian or Alaska Native,8
3413,American Indian or Alaska Native,8
3414,White,10
3415,American Indian or Alaska Native,14
3416,Hispanic/Latino,10
3417,White,6
3418,White,14
3419,White,28
3420,White,36
3421,American Indian or Alaska Native,18
3422,American Indian or Alaska Native,5
3423,American Indian or Alaska Native,23
3424,American Indian or Alaska Native,21
3425,American Indian or Alaska Native,17
3426,White,9
3427,White,15
3428,White,14
3429,White,6
3430,White,14
3431,White,13
3432,White,7
3433,White,36
3434,White,5
3435,American Indian or Alaska Native,30
3436,White,10
3437,White,4
3438,White,24
3439,Hispanic/Latino,7
3440,White,4
3441,American Indian or Alaska Native,10
3442,White,28
3443,White,2
3444,White,18
3445,White,12
3446,White,2
3447,White,18
3448,White,3
3449,White,8
3450,White,28
3451,White,17
3452,Hispanic/Latino,5
3453,White,11
3454,Hispanic/Latino,14
3455,American Indian or Alaska Native,13
3456,Two or More Races,14
3457,American Indian or Alaska Native,18
3458,White,19
3459,White,8
3460,White,3
3461,American Indian or Alaska Native,9
3462,White,14
3463,White,7
3464,Hispanic/Latino,14
3465,White,35
3466,Black or African American,4
3467,White,13
3468,White,7
3469,White,7
3470,White,10
3471,White,7
3472,White,7
3473,White,7
3474,Hispanic/Latino,5
3475,Black or African American,7
3476,White,8
3477,White,5
3478,White,6
3479,White,2
3480,White,8
3481,Hispanic/Latino,4
3482,White,7
3483,White,12
3484,Asian,3
3485,Hispanic/Latino,7
3486,White,4
3487,White,3
3488,Asian,3
3489,White,7
3490,White,3
3491,White,6
3492,White,10
3493,American Indian or Alaska Native,6
3494,White,7
3495,White,25
3496,White,7
3497,White,5
3498,White,6
3499,White,15
3500,White,2
3501,White,8
3502,White,6
3503,White,12
3504,White,7
3505,Hispanic/Latino,6
3506,White,3
3507,White,3
3508,White,2
3509,White,17
3510,White,5
3511,White,12
3512,Asian,10
3513,White,3
3514,White,6
3515,White,30
3516,White,7
3517,White,5
3518,White,9
3519,White,8
3520,Hispanic/Latino,5
3521,Hispanic/Latino,10
3522,Hispanic/Latino,29
3523,White,7
3524,White,17
3525,White,17
3526,White,3
3527,White,3
3528,White,13
3529,White,2
3530,White,17
3531,White,6
3532,White,26
3533,White,12
3534,Hispanic/Latino,11
3535,White,17
3536,White,9
3537,White,10
3538,Hispanic/Latino,12
3539,White,15
3540,White,10
3541,White,17
3542,White,4
3543,White,7
3544,White,13
3545,White,13
3546,Hispanic/Latino,10
3547,White,7
3548,Asian,6
3549,White,19
3550,Hispanic/Latino,7
3551,White,9
3552,White,16
3553,Hispanic/Latino,7
3554,Hispanic/Latino,10
3555,Hispanic/Latino,4
3556,Hispanic/Latino,4
3557,Hispanic/Latino,3
3558,White,32
3559,Hispanic/Latino,8
3560,White,1
3561,Two or More Races,6
3562,White,4
3563,White,5
3564,Hispanic/Latino,6
3565,Hispanic/Latino,6
3566,White,7
3567,White,2
3568,White,3
3569,White,17
3570,White,1
3571,Hispanic/Latino,8
3572,White,17
3573,White,3
3574,White,3
3575,White,5
3576,White,18
3577,White,27
3578,White,12
3579,White,11
3580,White,11
3581,White,33
3582,White,13
3583,White,15
3584,White,34
3585,White,12
3586,White,12
3587,Hispanic/Latino,7
3588,White,2
3589,Hispanic/Latino,14
3590,White,6
3591,Hispanic/Latino,2
3592,White,36
3593,White,6
3594,White,6
3595,White,19
3596,White,6
3597,White,16
3598,White,23
3599,White,3
3600,White,10
3601,White,24
3602,White,10
3603,Hispanic/Latino,11
3604,White,31
3605,White,9
3606,White,3
3607,White,8
3608,Hispanic/Latino,7
3609,White,13
3610,Hispanic/Latino,12
3611,White,5
3612,White,8
3613,White,16
3614,White,13
3615,White,25
3616,White,12
3617,Black or African American,5
3618,White,16
3619,White,7
3620,White,1
3621,White,7
3622,White,11
3623,White,11
3624,White,11
3625,Asian,6
3626,White,9
3627,Hispanic/Latino,27
3628,Hispanic/Latino,12
3629,White,3
3630,White,11
3631,White,7
3632,Hispanic/Latino,12
3633,Hispanic/Latino,10
3634,Hispanic/Latino,18
3635,Hispanic/Latino,11
3636,Hispanic/Latino,8
3637,White,13
3638,White,27
3639,White,29
3640,White,10
3641,Hispanic/Latino,6
3642,Hispanic/Latino,9
3643,White,18
3644,Hispanic/Latino,12
3645,White,7
3646,White,7
3647,White,3
3648,White,5
3649,White,10
3650,White,13
3651,White,7
3652,White,18
3653,White,6
3654,White,2
3655,White,6
3656,White,6
3657,White,35
3658,White,4
3659,White,33
3660,Black or African American,9
3661,Hispanic/Latino,6
3662,Hispanic/Latino,4
3663,Hispanic/Latino,12
3664,White,10
3665,White,5
3666,White,34
3667,White,19
3668,White,7
3669,White,17
3670,White,8
3671,White,8
3672,Hispanic/Latino,10
3673,Hispanic/Latino,29
3674,White,13
3675,White,6
3676,White,16
3677,White,13
3678,White,12
3679,White,8
3680,White,8
3681,White,5
3682,White,8
3683,White,6
3684,White,14
3685,White,2
3686,White,33
3687,White,14
3688,Hispanic/Latino,13
3689,Hispanic/Latino,7
3690,White,3
3691,White,22
3692,White,11
3693,Hispanic/Latino,9
3694,White,26
3695,White,13
3696,White,16
3697,Hispanic/Latino,6
3698,White,23
3699,White,8
3700,White,14
3701,White,7
3702,Hispanic/Latino,8
3703,White,13
3704,Hispanic/Latino,6
3705,White,13
3706,White,3
3707,White,10
3708,White,26
3709,Two or More Races,13
3710,White,9
3711,White,11
3712,Hispanic/Latino,4
3713,White,8
3714,White,11
3715,White,6
3716,White,2
3717,White,9
3718,White,7
3719,Hispanic/Latino,12
3720,Hispanic/Latino,4
3721,White,5
3722,White,11
3723,White,3
3724,White,5
3725,White,21
3726,Asian,7
3727,White,8
3728,White,8
3729,White,16
3730,White,7
3731,White,13
3732,White,11
3733,White,3
3734,White,13
3735,Hispanic/Latino,9
3736,White,7
3737,White,7
3738,White,5
3739,White,12
3740,White,15
