short_name,months_served,enrollment_months,percent
DDIV,9,9,100
DDIV,8,9,88.89
DDIV,4,4,100
DDIV,5,5,100
DDIV,4,4,100
DDIV,9,9,100
DDIV,1,3,33.33
DDIV,32,34,94.12
DDIV,9,10,90
DDIV,4,4,100
DDIV,15,15,100
DDIV,34,34,100
DDIV,14,14,100
DDIV,3,4,75
DDIV,5,5,100
DDIV,7,7,100
DDIV,8,8,100
DDIV,16,16,100
DDIV,12,12,100
DDIV,3,3,100
DDIV,17,18,94.44
DDIV,1,2,50
DDIV,19,31,61.29
DDIV,6,6,100
DDIV,1,2,50
DDIV,4,4,100
DDIV,3,3,100
DDIV,7,7,100
DDIV,35,35,100
DDIV,14,16,87.5
DDIV,1,3,33.33
DDIV,8,8,100
DDIV,1,3,33.33
DDIV,12,13,92.31
DDIV,32,32,100
DDIV,32,32,100
DDIV,2,2,100
DDIV,9,9,100
DDIV,15,18,83.33
DDIV,3,5,60
DDIV,4,5,80
DDIV,7,7,100
DDIV,5,5,100
DDIV,8,9,88.89
DDIV,8,9,88.89
DDIV,1,2,50
DDIV,12,12,100
DDIV,24,24,100
DDIV,16,16,100
DDIV,12,12,100
DDIV,6,6,100
DDIV,11,11,100
DDIV,2,4,50
DDIV,13,13,100
DDIV,19,20,95
DDIV,3,4,75
DDIV,11,11,100
DDIV,7,7,100
DDIV,5,5,100
DDIV,8,8,100
DDIV,4,8,50
DDIV,8,8,100
DDIV,13,13,100
DDIV,13,13,100
DDIV,25,36,69.44
DDIV,6,6,100
DDIV,7,7,100
DDIV,12,13,92.31
DDIV,9,9,100
DDIV,3,3,100
DDIV,4,6,66.67
DDIV,24,24,100
DDIV,25,29,86.21
DDIV,5,5,100
DDIV,5,6,83.33
DDIV,35,35,100
DDIV,5,6,83.33
DDIV,10,13,76.92
DDIV,12,13,92.31
DDIV,8,8,100
DDIV,20,20,100
DDIV,9,9,100
DDIV,7,7,100
DDIV,6,6,100
DDIV,1,1,100
DDIV,7,7,100
DDIV,35,36,97.22
DDIV,28,28,100
DDIV,11,11,100
DDIV,16,16,100
DDIV,3,3,100
DDIV,12,12,100
DDIV,4,4,100
DDIV,13,13,100
DDIV,8,8,100
DDIV,6,7,85.71
DDIV,11,13,84.62
DDIV,11,11,100
DDIV,12,13,92.31
DDIV,1,2,50
DDIV,2,5,40
DDIV,36,36,100
DDIV,8,8,100
DDIV,10,10,100
DDIV,30,33,90.91
DDIV,3,4,75
DDIV,25,25,100
DDIV,12,12,100
DDIV,12,12,100
DDIV,6,7,85.71
DDIV,1,3,33.33
DDIV,33,34,97.06
DDIV,5,5,100
DDIV,13,13,100
DDIV,13,14,92.86
DDIV,8,8,100
DDIV,7,7,100
DDIV,5,7,71.43
DDIV,7,7,100
DDIV,16,16,100
DDIV,7,9,77.78
DDIV,6,6,100
DDIV,8,9,88.89
DDIV,4,4,100
DDIV,6,6,100
DDIV,20,20,100
DDIV,9,9,100
DDIV,1,4,25
DDIV,15,16,93.75
DDIV,13,13,100
DDIV,8,9,88.89
DDIV,22,22,100
DDIV,16,16,100
DDIV,4,5,80
DDIV,7,7,100
DDIV,15,15,100
DDIV,4,4,100
DDIV,7,8,87.5
DDIV,13,13,100
DDIV,9,9,100
DDIV,13,13,100
DDIV,7,7,100
DDIV,20,20,100
DDIV,11,11,100
DDIV,5,5,100
DDIV,25,25,100
DDIV,25,26,96.15
DDIV,13,13,100
DDIV,9,10,90
DDIV,5,5,100
DDIV,9,9,100
DDIV,7,7,100
DDIV,9,9,100
DDIV,8,9,88.89
DDIV,7,8,87.5
DDIV,2,5,40
DDIV,4,6,66.67
DDIV,8,10,80
DDIV,18,18,100
DDIV,6,7,85.71
DDIV,15,15,100
DDIV,1,3,33.33
DDIV,4,4,100
DDIV,5,5,100
DDIV,5,8,62.5
DDIV,5,8,62.5
DDIV,18,18,100
DDIV,10,10,100
DDIV,10,10,100
DDIV,13,13,100
DDIV,9,9,100
DDIV,3,3,100
DDIV,13,13,100
DDIV,13,14,92.86
DDIV,31,31,100
DDIV,4,4,100
DDIV,2,2,100
DDIV,11,11,100
DDIV,20,21,95.24
DDIV,4,4,100
DDIV,9,10,90
DDIV,9,9,100
DDIV,22,22,100
DDIV,3,3,100
DDIV,1,2,50
DDIV,4,4,100
DDIV,2,2,100
DDIV,6,7,85.71
DDIV,9,20,45
DDIV,7,7,100
DDIV,32,33,96.97
DDIV,18,18,100
DDIV,13,13,100
DDIV,23,23,100
DDIV,11,11,100
DDIV,5,5,100
DDIV,2,5,40
DDIV,5,5,100
DDIV,11,11,100
DDIV,3,3,100
DDIV,13,13,100
DDIV,5,5,100
DDIV,17,17,100
DDIV,3,3,100
DDIV,14,14,100
DDIV,11,11,100
DDIV,3,3,100
DDIV,12,12,100
DDIV,3,3,100
DDIV,12,13,92.31
DDIV,11,12,91.67
DDIV,29,30,96.67
DDIV,6,7,85.71
DDIV,13,13,100
DDIV,3,3,100
DDIV,7,7,100
DDIV,1,4,25
DDIV,4,4,100
DDIV,10,10,100
DDIV,7,7,100
DDIV,5,8,62.5
DDIV,12,12,100
DDIV,13,13,100
DDIV,7,7,100
DDIV,5,5,100
DDIV,12,12,100
DDIV,6,6,100
DDIV,9,12,75
DDIV,6,7,85.71
DDIV,5,5,100
DDIV,4,4,100
DDIV,11,11,100
DDIV,7,7,100
DDIV,34,34,100
DDIV,12,12,100
DDIV,16,16,100
DDIV,13,14,92.86
DDIV,6,6,100
DDIV,29,33,87.88
DDIV,4,7,57.14
DDIV,11,11,100
DDIV,36,36,100
DDIV,3,3,100
DDIV,6,6,100
DDIV,10,10,100
DDIV,33,33,100
DDIV,8,10,80
DDIV,12,12,100
DDIV,12,12,100
DDIV,3,5,60
DDIV,7,8,87.5
DDIV,18,18,100
DDIV,13,13,100
DDIV,28,29,96.55
DDIV,6,11,54.55
DDIV,14,17,82.35
DDIV,11,11,100
DDIV,5,5,100
DDIV,3,4,75
DDIV,22,22,100
DDIV,19,19,100
DDIV,11,11,100
DDIV,2,3,66.67
DDIV,19,20,95
DDIV,4,5,80
DDIV,1,3,33.33
DDIV,13,13,100
DDIV,19,21,90.48
DDIV,7,12,58.33
DDIV,9,9,100
DDIV,9,11,81.82
DDIV,9,11,81.82
DDIV,3,5,60
DDIV,5,7,71.43
DDIV,4,4,100
DDIV,3,3,100
DDIV,7,7,100
DDIV,4,4,100
DDIV,5,6,83.33
DDIV,17,17,100
DDIV,33,34,97.06
DDIV,32,33,96.97
DDIV,19,19,100
DDIV,10,10,100
DDIV,13,13,100
DDIV,5,5,100
DDIV,8,11,72.73
DDIV,11,13,84.62
DDIV,1,3,33.33
DDIV,12,12,100
DDIV,33,33,100
DDIV,4,4,100
DDIV,6,7,85.71
DDIV,20,21,95.24
DDIV,4,4,100
DDIV,2,2,100
DDIV,11,12,91.67
DDIV,12,12,100
DDIV,3,4,75
DDIV,19,19,100
DDIV,5,5,100
DDIV,23,23,100
DDIV,27,27,100
DDIV,18,18,100
DDIV,7,7,100
DDIV,7,7,100
DDIV,10,10,100
DDIV,4,5,80
DDIV,30,31,96.77
DDIV,2,4,50
DDIV,18,20,90
DDIV,11,12,91.67
DDIV,6,6,100
DDIV,4,6,66.67
DDIV,7,7,100
DDIV,25,25,100
DDIV,23,23,100
DDIV,12,12,100
DDIV,3,3,100
DDIV,6,7,85.71
DDIV,7,7,100
DDIV,10,11,90.91
DDIV,7,7,100
DDIV,24,24,100
DDIV,2,4,50
DDIV,13,13,100
DDIV,6,6,100
DDIV,4,5,80
DDIV,15,15,100
DDIV,17,17,100
DDIV,10,11,90.91
DDIV,8,8,100
DDIV,6,7,85.71
DDIV,11,11,100
DDIV,2,3,66.67
DDIV,30,30,100
DDIV,8,11,72.73
DDIV,12,12,100
DDIV,1,2,50
DDIV,5,10,50
DDIV,17,17,100
DDIV,10,10,100
DDIV,8,8,100
DDIV,24,24,100
DDIV,4,4,100
DDIV,24,25,96
DDIV,12,12,100
DDIV,19,19,100
DDIV,10,10,100
DDIV,12,12,100
DDIV,6,7,85.71
DDIV,13,13,100
DDIV,5,5,100
DDIV,2,2,100
DDIV,24,27,88.89
DDIV,8,9,88.89
DDIV,12,12,100
DDIV,10,11,90.91
DDIV,1,6,16.67
DDIV,23,23,100
DDIV,35,36,97.22
DDIV,31,31,100
DDIV,6,6,100
DDIV,32,32,100
DDIV,12,12,100
DDIV,3,3,100
DDIV,10,11,90.91
DDIV,9,9,100
DDIV,16,16,100
DDIV,9,9,100
DDIV,24,24,100
DDIV,10,10,100
DDIV,13,14,92.86
DDIV,17,17,100
DDIV,8,8,100
DDIV,9,9,100
DDIV,17,17,100
DDIV,12,12,100
DDIV,9,9,100
DDIV,12,12,100
DDIV,11,11,100
DDIV,13,13,100
DDIV,3,3,100
DDIV,13,13,100
DDIV,14,14,100
DDIV,15,15,100
DDIV,1,2,50
DDIV,13,13,100
DDIV,6,6,100
DDIV,6,6,100
DDIV,13,13,100
DDIV,5,6,83.33
DDIV,13,13,100
DDIV,6,8,75
DDIV,5,5,100
DDIV,17,17,100
DDIV,11,11,100
DDIV,5,5,100
DDIV,12,12,100
DDIV,12,12,100
DDIV,7,7,100
DDIV,9,9,100
DDIV,12,12,100
DDIV,6,6,100
DDIV,31,31,100
DDIV,3,6,50
DDIV,3,6,50
DDIV,33,33,100
DDIV,3,3,100
DDIV,9,10,90
DDIV,12,13,92.31
DDIV,12,13,92.31
DDIV,10,11,90.91
DDIV,5,7,71.43
DDIV,4,4,100
DDIV,33,34,97.06
DDIV,17,18,94.44
DDIV,6,6,100
DDIV,19,19,100
DDIV,8,8,100
DDIV,10,10,100
DDIV,17,17,100
DDIV,8,9,88.89
DDIV,6,6,100
DDIV,11,12,91.67
DDIV,6,6,100
DDIV,13,13,100
DDIV,15,15,100
DDIV,1,3,33.33
DDIV,16,16,100
DDIV,4,6,66.67
DDIV,14,14,100
DDIV,15,18,83.33
DDIV,23,23,100
DDIV,27,28,96.43
DDIV,8,9,88.89
DDIV,5,5,100
DDIV,4,4,100
DDIV,19,19,100
DDIV,20,21,95.24
DDIV,13,13,100
DDIV,3,3,100
DDIV,7,7,100
DDIV,14,17,82.35
DDIV,7,8,87.5
DDIV,11,11,100
DDIV,36,36,100
DDIV,4,6,66.67
DDIV,2,5,40
DDIV,34,34,100
DDIV,12,13,92.31
DDIV,2,2,100
DDIV,5,5,100
DDIV,10,11,90.91
DDIV,35,35,100
DDIV,32,32,100
DDIV,32,32,100
DDIV,9,9,100
DDIV,5,5,100
DDIV,8,8,100
DDIV,6,6,100
DDIV,2,3,66.67
DDIV,26,26,100
DDIV,12,12,100
DDIV,13,13,100
DDIV,23,23,100
DDIV,6,6,100
DDIV,4,4,100
DDIV,7,9,77.78
DDIV,12,12,100
DDIV,12,12,100
DDIV,11,13,84.62
DDIV,5,7,71.43
DDIV,4,7,57.14
DDIV,20,20,100
DDIV,5,6,83.33
DDIV,15,15,100
DDIV,10,10,100
DDIV,11,11,100
DDIV,16,16,100
DDIV,11,11,100
DDIV,2,5,40
DDIV,13,13,100
DDIV,8,8,100
DDIV,26,27,96.3
DDIV,36,36,100
DDIV,35,36,97.22
DDIV,26,28,92.86
DDIV,8,8,100
DDIV,2,3,66.67
DDIV,4,4,100
DDIV,18,18,100
DDIV,11,11,100
DDIV,3,7,42.86
DDIV,24,25,96
DDIV,15,15,100
DDIV,5,6,83.33
DDIV,4,4,100
DDIV,17,17,100
DDIV,8,8,100
DDIV,3,3,100
DDIV,6,8,75
DDIV,1,3,33.33
DDIV,14,14,100
DDIV,8,9,88.89
DDIV,14,14,100
DDIV,10,12,83.33
DDIV,11,11,100
DDIV,35,36,97.22
DDIV,5,5,100
DDIV,14,14,100
DDIV,20,22,90.91
DDIV,14,15,93.33
DDIV,11,11,100
DDIV,14,14,100
DDIV,28,30,93.33
DDIV,16,16,100
DDIV,3,4,75
DDIV,11,11,100
DDIV,16,17,94.12
DDIV,18,18,100
DDIV,26,27,96.3
DDIV,4,4,100
DDIV,22,24,91.67
DDIV,15,16,93.75
DDIV,4,4,100
DDIV,16,16,100
DDIV,10,10,100
DDIV,2,2,100
DDIV,9,10,90
DDIV,12,12,100
DDIV,3,3,100
DDIV,8,8,100
DDIV,7,7,100
DDIV,12,13,92.31
DDIV,8,8,100
DDIV,18,23,78.26
DDIV,24,25,96
DDIV,10,13,76.92
DDIV,7,8,87.5
DDIV,3,3,100
DDIV,6,6,100
DDIV,2,2,100
DDIV,8,8,100
DDIV,12,12,100
DDIV,5,5,100
DDIV,11,11,100
DDIV,9,9,100
DDIV,12,12,100
DDIV,4,4,100
DDIV,3,4,75
DDIV,3,5,60
DDIV,5,9,55.56
DDIV,4,4,100
DDIV,9,9,100
DDIV,7,7,100
DDIV,14,14,100
DDIV,12,12,100
DDIV,6,6,100
DDIV,30,34,88.24
DDIV,32,32,100
DDIV,10,10,100
DDIV,8,8,100
DDIV,5,6,83.33
DDIV,10,10,100
DDIV,34,34,100
DDIV,5,5,100
DDIV,10,11,90.91
DDIV,7,8,87.5
DDIV,1,2,50
DDIV,4,4,100
DDIV,33,34,97.06
DDIV,17,17,100
DDIV,14,15,93.33
DDIV,8,8,100
DDIV,34,35,97.14
DDIV,30,30,100
DDIV,8,10,80
DDIV,5,5,100
DDIV,12,12,100
DDIV,11,12,91.67
DDIV,9,9,100
DDIV,28,28,100
DDIV,21,23,91.3
DDIV,15,15,100
DDIV,12,12,100
DDIV,28,28,100
DDIV,13,13,100
DDIV,35,36,97.22
DDIV,10,11,90.91
DDIV,5,6,83.33
DDIV,6,6,100
DDIV,2,3,66.67
DDIV,12,12,100
DDIV,3,3,100
DDIV,4,5,80
DDIV,4,5,80
DDIV,12,12,100
DDIV,6,7,85.71
DDIV,10,10,100
DDIV,8,8,100
DDIV,6,6,100
DDIV,3,3,100
DDIV,6,6,100
DDIV,19,20,95
DDIV,18,18,100
DDIV,13,13,100
DDIV,2,4,50
DDIV,12,12,100
DDIV,6,6,100
DDIV,6,6,100
DDIV,10,10,100
DDIV,12,12,100
DDIV,9,9,100
DDIV,12,14,85.71
DDIV,18,18,100
DDIV,17,17,100
DDIV,1,2,50
DDIV,3,4,75
DDIV,5,8,62.5
DDIV,20,24,83.33
DDIV,18,18,100
DDIV,25,25,100
DDIV,16,16,100
DDIV,11,11,100
DDIV,13,13,100
DDIV,3,3,100
DDIV,10,10,100
DDIV,11,11,100
DDIV,26,26,100
DDIV,16,16,100
DDIV,5,6,83.33
DDIV,13,13,100
DDIV,11,11,100
DDIV,30,35,85.71
DDIV,17,17,100
DDIV,12,12,100
DDIV,8,8,100
DDIV,8,8,100
DDIV,29,29,100
DDIV,11,12,91.67
DDIV,11,11,100
DDIV,6,7,85.71
DDIV,3,3,100
DDIV,8,10,80
DDIV,26,26,100
DDIV,13,13,100
DDIV,35,35,100
DDIV,7,12,58.33
DDIV,6,6,100
DDIV,2,4,50
DDIV,3,3,100
DDIV,14,14,100
DDIV,20,20,100
DDIV,8,9,88.89
DDIV,11,13,84.62
DDIV,10,11,90.91
DDIV,25,25,100
DDIV,2,2,100
DDIV,7,7,100
DDIV,12,12,100
DDIV,4,5,80
DDIV,20,23,86.96
DDIV,32,33,96.97
DDIV,7,7,100
DDIV,7,8,87.5
DDIV,9,10,90
DDIV,9,9,100
DDIV,12,12,100
DDIV,12,13,92.31
DDIV,4,6,66.67
DDIV,7,8,87.5
DDIV,31,35,88.57
DDIV,13,13,100
DDIV,20,21,95.24
DDIV,27,28,96.43
DDIV,4,5,80
DDIV,13,13,100
DDIV,15,15,100
DDIV,8,8,100
DDIV,11,12,91.67
DDIV,20,20,100
DDIV,6,6,100
DDIV,9,9,100
DDIV,7,7,100
DDIV,30,30,100
DDIV,2,3,66.67
DDIV,3,6,50
DDIV,17,17,100
DDIV,3,6,50
DDIV,30,30,100
DDIV,35,35,100
DDIV,12,12,100
DDIV,8,9,88.89
DDIV,18,18,100
DDIV,8,9,88.89
DDIV,8,8,100
DDIV,11,11,100
DDIV,13,13,100
DDIV,13,13,100
DDIV,11,11,100
DDIV,17,17,100
DDIV,4,4,100
DDIV,4,4,100
DDIV,15,15,100
DDIV,2,5,40
DDIV,12,12,100
DDIV,13,13,100
DDIV,7,7,100
DDIV,8,8,100
DDIV,25,25,100
DDIV,5,10,50
DDIV,5,5,100
DDIV,8,8,100
DDIV,11,11,100
DDIV,17,17,100
DDIV,10,10,100
DDIV,28,29,96.55
DDIV,6,6,100
DDIV,14,14,100
DDIV,6,6,100
DDIV,4,4,100
DDIV,8,8,100
DDIV,21,21,100
DDIV,29,31,93.55
DDIV,6,6,100
DDIV,6,6,100
DDIV,6,6,100
DDIV,11,12,91.67
DDIV,22,22,100
DDIV,4,5,80
DDIV,6,12,50
DDIV,9,9,100
DDIV,8,8,100
DDIV,8,9,88.89
DDIV,7,7,100
DDIV,3,3,100
DDIV,6,6,100
DDIV,8,9,88.89
DDIV,9,9,100
DDIV,6,6,100
DDIV,20,20,100
DDIV,8,8,100
DDIV,8,11,72.73
DDIV,13,13,100
DDIV,3,3,100
DDIV,16,16,100
DDIV,10,10,100
DDIV,7,7,100
DDIV,9,10,90
DDIV,7,7,100
DDIV,6,6,100
DDIV,12,13,92.31
DDIV,11,11,100
DDIV,17,19,89.47
DDIV,13,13,100
DDIV,18,18,100
DDIV,9,9,100
DDIV,9,9,100
DDIV,6,7,85.71
DDIV,13,13,100
DDIV,2,2,100
DDIV,29,29,100
DDIV,1,2,50
DDIV,7,7,100
DDIV,6,6,100
DDIV,11,11,100
DDIV,16,18,88.89
DDIV,12,13,92.31
DDIV,2,3,66.67
DDIV,7,8,87.5
DDIV,11,11,100
DDIV,12,12,100
DDIV,6,6,100
DDIV,14,14,100
DDIV,13,13,100
DDIV,26,26,100
DDIV,17,17,100
DDIV,10,10,100
DDIV,6,6,100
DDIV,17,18,94.44
DDIV,2,4,50
DDIV,11,11,100
DDIV,18,18,100
DDIV,1,2,50
DDIV,7,7,100
DDIV,6,6,100
DDIV,5,7,71.43
DDIV,7,7,100
DDIV,20,22,90.91
DDIV,6,8,75
DDIV,14,14,100
DDIV,6,6,100
DDIV,5,7,71.43
DDIV,10,10,100
DDIV,15,17,88.24
DDIV,13,13,100
DDIV,16,17,94.12
DDIV,8,8,100
DDIV,15,16,93.75
DDIV,12,12,100
DDIV,16,16,100
DDIV,5,5,100
DDIV,11,11,100
DDIV,7,7,100
DDIV,12,12,100
DDIV,28,30,93.33
DDIV,3,3,100
DDIV,5,5,100
DDIV,8,11,72.73
DDIV,6,6,100
DDIV,11,11,100
DDIV,9,10,90
DDIV,4,4,100
DDIV,22,22,100
DDIV,35,35,100
DDIV,12,13,92.31
DDIV,4,4,100
DDIV,18,19,94.74
DDIV,14,14,100
DDIV,3,3,100
DDIV,13,13,100
DDIV,18,19,94.74
DDIV,9,9,100
DDIV,13,13,100
DDIV,12,12,100
DDIV,11,12,91.67
DDIV,3,3,100
DDIV,3,3,100
DDIV,12,14,85.71
DDIV,30,30,100
DDIV,26,27,96.3
DDIV,11,12,91.67
DDIV,14,14,100
DDIV,6,6,100
DDIV,4,4,100
DDIV,8,8,100
DDIV,13,13,100
DDIV,27,27,100
DDIV,36,36,100
DDIV,34,35,97.14
DDIV,9,9,100
DDIV,9,9,100
DDIV,10,11,90.91
DDIV,8,8,100
DDIV,2,4,50
DDIV,10,10,100
Jordan,12,12,100
Jordan,5,5,100
Jordan,7,7,100
Jordan,6,6,100
Jordan,12,12,100
Jordan,10,10,100
Jordan,8,9,88.89
Jordan,17,17,100
Jordan,32,32,100
Jordan,2,2,100
Jordan,10,11,90.91
Jordan,10,10,100
Jordan,13,13,100
Jordan,10,11,90.91
Jordan,3,3,100
Jordan,7,7,100
Jordan,27,30,90
Jordan,3,4,75
Jordan,6,7,85.71
Jordan,13,13,100
Jordan,3,3,100
Jordan,25,25,100
Jordan,10,11,90.91
Jordan,14,14,100
Jordan,6,6,100
Jordan,3,3,100
Jordan,6,6,100
Jordan,10,17,58.82
Jordan,10,17,58.82
Jordan,7,10,70
Jordan,6,7,85.71
Jordan,25,25,100
Jordan,23,24,95.83
Jordan,8,8,100
Jordan,31,33,93.94
Jordan,23,23,100
Jordan,3,3,100
Jordan,13,13,100
Jordan,29,29,100
Jordan,10,10,100
Jordan,18,25,72
Jordan,7,10,70
Jordan,19,19,100
Jordan,22,23,95.65
Jordan,14,19,73.68
Jordan,19,19,100
Jordan,7,7,100
Jordan,6,10,60
Jordan,11,12,91.67
Jordan,7,8,87.5
Jordan,0,1,
Jordan,4,4,100
Jordan,22,22,100
Jordan,10,17,58.82
Jordan,9,10,90
Jordan,3,3,100
Jordan,4,5,80
Jordan,5,5,100
Jordan,10,10,100
Jordan,3,3,100
Jordan,19,31,61.29
Jordan,9,9,100
Jordan,6,6,100
Jordan,21,21,100
Jordan,15,15,100
Jordan,4,4,100
Jordan,5,5,100
Jordan,5,5,100
Jordan,11,12,91.67
Jordan,11,12,91.67
Jordan,11,11,100
Jordan,18,21,85.71
Jordan,3,3,100
Jordan,16,16,100
Jordan,4,4,100
Jordan,5,5,100
Jordan,7,8,87.5
Jordan,8,9,88.89
Jordan,9,9,100
Jordan,22,23,95.65
Jordan,2,3,66.67
Jordan,6,6,100
Jordan,1,1,100
Jordan,17,17,100
Jordan,7,7,100
Jordan,31,33,93.94
Jordan,14,16,87.5
Jordan,10,10,100
Jordan,3,3,100
Jordan,24,25,96
Jordan,5,5,100
Jordan,2,2,100
Jordan,16,17,94.12
Jordan,9,9,100
Jordan,2,3,66.67
Jordan,8,9,88.89
Jordan,33,36,91.67
Jordan,16,16,100
Jordan,8,8,100
Jordan,6,6,100
Jordan,21,22,95.45
Jordan,5,6,83.33
Jordan,7,11,63.64
Jordan,17,17,100
Jordan,14,14,100
Jordan,21,22,95.45
Jordan,4,5,80
Jordan,9,10,90
Jordan,10,10,100
Jordan,5,6,83.33
Jordan,5,6,83.33
Jordan,22,22,100
Jordan,12,13,92.31
Jordan,12,12,100
Jordan,12,12,100
Jordan,9,11,81.82
Jordan,8,11,72.73
Jordan,4,5,80
Jordan,5,5,100
Jordan,14,16,87.5
Jordan,7,9,77.78
Jordan,6,8,75
Jordan,32,33,96.97
Jordan,10,12,83.33
Jordan,19,21,90.48
Jordan,31,34,91.18
Jordan,3,4,75
Jordan,11,11,100
Jordan,8,8,100
Jordan,17,18,94.44
Jordan,6,7,85.71
Jordan,13,13,100
Jordan,0,2,
Jordan,5,5,100
Jordan,9,9,100
Jordan,1,1,100
Jordan,15,17,88.24
Jordan,16,19,84.21
Jordan,6,6,100
Jordan,11,11,100
Jordan,7,7,100
Jordan,15,18,83.33
Jordan,18,19,94.74
Jordan,3,4,75
Jordan,5,5,100
Jordan,9,10,90
Jordan,9,11,81.82
Jordan,14,18,77.78
Jordan,2,2,100
Jordan,7,8,87.5
Jordan,34,34,100
Jordan,13,13,100
Jordan,22,33,66.67
Jordan,17,20,85
Jordan,12,12,100
Jordan,7,7,100
Jordan,9,9,100
Jordan,7,8,87.5
Jordan,4,4,100
Jordan,11,11,100
Jordan,21,21,100
Jordan,12,14,85.71
Jordan,16,16,100
Jordan,7,11,63.64
Jordan,24,36,66.67
Jordan,7,7,100
Jordan,15,15,100
Jordan,5,6,83.33
Jordan,2,2,100
Jordan,19,21,90.48
Jordan,7,7,100
Jordan,11,11,100
Jordan,33,33,100
Jordan,12,12,100
Jordan,6,6,100
Jordan,5,5,100
Jordan,29,34,85.29
Jordan,23,24,95.83
Jordan,5,9,55.56
Jordan,7,7,100
Jordan,11,12,91.67
Jordan,5,5,100
Jordan,28,33,84.85
Jordan,6,6,100
Jordan,9,13,69.23
Jordan,3,3,100
Jordan,8,8,100
Jordan,6,6,100
Jordan,7,7,100
Jordan,9,9,100
Jordan,6,6,100
Jordan,6,6,100
Jordan,5,6,83.33
Jordan,18,18,100
Jordan,10,10,100
Jordan,11,11,100
Jordan,12,12,100
Jordan,4,4,100
Jordan,7,7,100
Jordan,12,16,75
Jordan,12,12,100
Jordan,5,6,83.33
Jordan,20,22,90.91
Jordan,3,4,75
Jordan,18,18,100
Jordan,6,7,85.71
Jordan,15,16,93.75
Jordan,17,28,60.71
Jordan,18,28,64.29
Jordan,31,34,91.18
Jordan,10,10,100
Jordan,12,13,92.31
Jordan,12,12,100
Jordan,9,9,100
Jordan,11,11,100
Jordan,5,6,83.33
Jordan,23,33,69.7
Jordan,3,3,100
Jordan,22,32,68.75
Jordan,7,7,100
Jordan,8,8,100
Jordan,3,3,100
Jordan,7,7,100
Jordan,13,13,100
Jordan,9,10,90
Jordan,24,24,100
Jordan,5,18,27.78
Jordan,27,27,100
Jordan,7,7,100
Jordan,3,8,37.5
Jordan,13,13,100
Jordan,31,31,100
Jordan,17,18,94.44
Jordan,2,5,40
Jordan,3,3,100
Jordan,12,12,100
Jordan,6,6,100
Jordan,5,5,100
Jordan,8,8,100
Jordan,4,4,100
Jordan,4,5,80
Jordan,10,10,100
Jordan,5,5,100
Jordan,6,7,85.71
Jordan,7,9,77.78
Jordan,13,14,92.86
Jordan,21,25,84
Jordan,10,10,100
Jordan,32,34,94.12
Jordan,10,11,90.91
Jordan,25,26,96.15
Jordan,8,12,66.67
Jordan,13,13,100
Jordan,16,20,80
Jordan,11,12,91.67
Jordan,12,12,100
Jordan,8,8,100
Jordan,6,6,100
Jordan,3,3,100
Jordan,5,6,83.33
Jordan,35,35,100
Jordan,3,3,100
Jordan,19,21,90.48
Jordan,7,16,43.75
Jordan,5,5,100
Jordan,6,6,100
Jordan,12,13,92.31
Jordan,4,4,100
Jordan,12,12,100
Jordan,27,32,84.38
Jordan,8,8,100
Jordan,16,17,94.12
Jordan,9,9,100
Jordan,10,10,100
Jordan,3,7,42.86
Jordan,5,5,100
Jordan,33,36,91.67
Jordan,3,4,75
Jordan,15,15,100
Jordan,7,7,100
Jordan,3,6,50
Jordan,7,8,87.5
Jordan,3,3,100
Jordan,11,11,100
Jordan,18,18,100
Jordan,24,24,100
Jordan,10,10,100
Jordan,28,30,93.33
Jordan,9,11,81.82
Jordan,29,29,100
Jordan,26,28,92.86
Jordan,28,32,87.5
Jordan,1,3,33.33
Jordan,16,17,94.12
Jordan,2,5,40
Jordan,13,14,92.86
Jordan,14,15,93.33
Jordan,13,13,100
Jordan,3,3,100
Jordan,12,12,100
Jordan,3,3,100
Jordan,4,5,80
Jordan,20,20,100
Jordan,2,2,100
Jordan,30,34,88.24
Jordan,6,7,85.71
Jordan,17,18,94.44
Jordan,17,17,100
Jordan,12,12,100
Jordan,7,13,53.85
Jordan,11,12,91.67
Jordan,7,7,100
Jordan,14,17,82.35
Jordan,5,5,100
Jordan,8,8,100
Jordan,4,4,100
Jordan,4,4,100
Jordan,15,15,100
Jordan,13,13,100
Jordan,15,15,100
Jordan,0,2,
Jordan,19,19,100
Jordan,3,6,50
Jordan,10,11,90.91
Jordan,30,31,96.77
Jordan,24,24,100
Jordan,11,11,100
Jordan,11,12,91.67
Jordan,10,14,71.43
Jordan,5,5,100
Jordan,25,33,75.76
Jordan,16,17,94.12
Jordan,16,17,94.12
Jordan,5,6,83.33
Jordan,4,4,100
Jordan,18,18,100
Jordan,12,12,100
Jordan,26,29,89.66
Jordan,12,12,100
Jordan,18,18,100
Jordan,4,4,100
Jordan,15,16,93.75
Jordan,26,27,96.3
Jordan,8,8,100
Jordan,12,13,92.31
Jordan,4,7,57.14
Jordan,9,11,81.82
Jordan,2,2,100
Jordan,7,7,100
Jordan,8,8,100
Jordan,5,6,83.33
Jordan,16,16,100
Jordan,20,34,58.82
Jordan,20,34,58.82
Jordan,8,9,88.89
Jordan,2,2,100
Jordan,5,6,83.33
Jordan,9,13,69.23
Jordan,4,5,80
Jordan,14,14,100
Jordan,7,8,87.5
Jordan,7,7,100
Jordan,21,26,80.77
Jordan,3,4,75
Jordan,10,12,83.33
Jordan,26,27,96.3
Jordan,11,12,91.67
Jordan,4,8,50
Jordan,4,6,66.67
Jordan,3,4,75
Jordan,12,12,100
Jordan,10,15,66.67
Jordan,17,17,100
Jordan,11,14,78.57
Jordan,4,4,100
Jordan,6,9,66.67
Jordan,4,4,100
Jordan,19,22,86.36
Jordan,5,5,100
Jordan,9,10,90
Jordan,12,12,100
Jordan,3,3,100
Jordan,4,5,80
Jordan,11,11,100
Jordan,7,7,100
Jordan,7,7,100
Jordan,6,7,85.71
Jordan,3,6,50
Jordan,17,17,100
Jordan,28,33,84.85
Jordan,13,15,86.67
Jordan,3,5,60
Jordan,4,4,100
Jordan,10,10,100
Jordan,10,11,90.91
Jordan,8,9,88.89
Jordan,26,26,100
Jordan,13,14,92.86
Jordan,10,13,76.92
Jordan,9,15,60
Jordan,12,12,100
Jordan,29,35,82.86
Jordan,17,17,100
Jordan,4,5,80
Jordan,11,11,100
Jordan,17,17,100
Jordan,10,11,90.91
Jordan,6,6,100
Jordan,30,33,90.91
Jordan,8,8,100
Jordan,17,17,100
Jordan,17,18,94.44
Jordan,31,32,96.88
Jordan,26,28,92.86
Jordan,6,7,85.71
Jordan,7,7,100
Jordan,27,29,93.1
Jordan,21,26,80.77
Jordan,32,34,94.12
Jordan,6,10,60
Jordan,29,30,96.67
Jordan,10,10,100
Jordan,10,10,100
Jordan,4,5,80
Jordan,12,12,100
Jordan,9,11,81.82
Jordan,4,4,100
Jordan,10,10,100
Jordan,3,5,60
Jordan,26,26,100
Jordan,23,25,92
Jordan,11,12,91.67
Jordan,8,8,100
Jordan,8,8,100
Jordan,32,32,100
Jordan,31,32,96.88
Jordan,9,9,100
Jordan,10,10,100
Jordan,19,20,95
Jordan,4,7,57.14
Jordan,29,34,85.29
Jordan,3,3,100
Jordan,2,2,100
Jordan,16,19,84.21
Jordan,6,6,100
Jordan,7,7,100
Jordan,7,7,100
Jordan,3,4,75
Jordan,7,7,100
Jordan,1,2,50
Jordan,7,7,100
Jordan,12,13,92.31
Jordan,4,5,80
Jordan,18,18,100
Jordan,8,9,88.89
Jordan,11,11,100
Jordan,12,13,92.31
Jordan,6,6,100
Jordan,16,17,94.12
Jordan,16,17,94.12
Jordan,3,7,42.86
Jordan,19,20,95
Jordan,6,7,85.71
Jordan,18,19,94.74
Jordan,10,10,100
Jordan,10,11,90.91
Jordan,15,17,88.24
Jordan,15,15,100
Jordan,16,26,61.54
Jordan,5,5,100
Jordan,18,19,94.74
Jordan,4,4,100
Jordan,2,5,40
Jordan,5,5,100
Jordan,12,12,100
Jordan,10,11,90.91
Jordan,8,9,88.89
Jordan,6,7,85.71
Jordan,23,26,88.46
Jordan,3,3,100
Jordan,35,35,100
Jordan,20,20,100
Jordan,10,10,100
Jordan,22,23,95.65
Jordan,6,7,85.71
Jordan,1,2,50
Jordan,7,7,100
Jordan,4,4,100
Jordan,12,13,92.31
Jordan,1,1,100
Jordan,3,3,100
Jordan,7,8,87.5
Jordan,8,8,100
Jordan,3,3,100
Jordan,23,27,85.19
Jordan,6,8,75
Jordan,4,4,100
Jordan,3,4,75
Jordan,7,8,87.5
Jordan,27,29,93.1
Jordan,16,16,100
Jordan,31,33,93.94
Jordan,10,10,100
Jordan,15,19,78.95
Jordan,4,4,100
Jordan,2,4,50
Jordan,6,6,100
Jordan,11,11,100
Jordan,7,8,87.5
Jordan,13,13,100
Jordan,14,19,73.68
Jordan,20,21,95.24
Jordan,3,3,100
Jordan,15,15,100
Jordan,5,5,100
Jordan,25,26,96.15
Jordan,15,20,75
Jordan,9,9,100
Jordan,17,17,100
Jordan,4,4,100
Jordan,2,2,100
Jordan,28,29,96.55
Jordan,13,14,92.86
Jordan,3,4,75
Jordan,3,3,100
Jordan,18,18,100
Jordan,4,4,100
Jordan,19,20,95
Jordan,1,1,100
Jordan,1,1,100
Jordan,13,14,92.86
Jordan,13,15,86.67
Jordan,9,10,90
Jordan,8,8,100
Jordan,1,1,100
Jordan,8,10,80
Jordan,11,12,91.67
Jordan,2,8,25
Jordan,29,29,100
Jordan,2,5,40
Jordan,10,10,100
Jordan,4,8,50
Jordan,12,12,100
Jordan,32,34,94.12
Jordan,6,8,75
Jordan,8,8,100
Jordan,9,9,100
Jordan,4,7,57.14
Jordan,9,12,75
Jordan,8,12,66.67
Jordan,5,5,100
Jordan,4,16,25
Jordan,5,6,83.33
Jordan,25,34,73.53
Jordan,18,18,100
Jordan,4,8,50
Jordan,34,35,97.14
Jordan,4,4,100
Jordan,4,6,66.67
Jordan,3,3,100
Jordan,9,10,90
Jordan,13,15,86.67
Jordan,10,11,90.91
Jordan,6,7,85.71
Jordan,11,11,100
Jordan,8,8,100
Jordan,2,2,100
Jordan,10,10,100
Jordan,9,10,90
Jordan,24,31,77.42
Jordan,16,31,51.61
Jordan,5,5,100
Jordan,3,3,100
Jordan,6,6,100
Jordan,6,6,100
Jordan,16,24,66.67
Jordan,5,6,83.33
Jordan,8,10,80
Jordan,9,9,100
Jordan,11,12,91.67
Jordan,2,3,66.67
Jordan,34,35,97.14
Jordan,10,12,83.33
Jordan,4,5,80
Jordan,2,2,100
Jordan,2,2,100
Jordan,9,10,90
Jordan,5,5,100
Jordan,9,9,100
KOTM,17,18,94.44
KOTM,11,12,91.67
KOTM,8,11,72.73
KOTM,5,7,71.43
KOTM,2,4,50
KOTM,7,8,87.5
KOTM,12,12,100
KOTM,5,5,100
KOTM,5,10,50
KOTM,2,3,66.67
KOTM,7,7,100
KOTM,5,5,100
KOTM,8,9,88.89
KOTM,5,9,55.56
KOTM,33,35,94.29
KOTM,6,7,85.71
KOTM,2,3,66.67
KOTM,6,6,100
KOTM,6,6,100
KOTM,11,11,100
KOTM,12,13,92.31
KOTM,11,14,78.57
KOTM,24,33,72.73
KOTM,13,13,100
KOTM,0,2,
KOTM,10,10,100
KOTM,9,9,100
KOTM,5,5,100
KOTM,18,19,94.74
KOTM,6,7,85.71
KOTM,32,32,100
KOTM,2,3,66.67
KOTM,6,7,85.71
KOTM,7,10,70
KOTM,4,5,80
KOTM,16,19,84.21
KOTM,12,12,100
KOTM,14,15,93.33
KOTM,0,1,
KOTM,4,5,80
KOTM,4,4,100
KOTM,3,7,42.86
KOTM,32,33,96.97
KOTM,12,15,80
KOTM,12,12,100
KOTM,4,12,33.33
KOTM,18,18,100
KOTM,11,12,91.67
KOTM,4,7,57.14
KOTM,18,18,100
KOTM,29,30,96.67
KOTM,6,7,85.71
KOTM,11,11,100
KOTM,8,10,80
KOTM,12,13,92.31
KOTM,2,2,100
KOTM,2,3,66.67
KOTM,3,6,50
KOTM,4,4,100
KOTM,11,12,91.67
KOTM,9,10,90
KOTM,5,6,83.33
KOTM,3,3,100
KOTM,26,26,100
KOTM,11,11,100
KOTM,4,4,100
KOTM,19,19,100
KOTM,3,4,75
KOTM,7,7,100
KOTM,8,9,88.89
KOTM,3,4,75
KOTM,9,11,81.82
KOTM,2,2,100
KOTM,10,11,90.91
KOTM,2,3,66.67
KOTM,6,7,85.71
KOTM,2,2,100
KOTM,16,19,84.21
KOTM,3,3,100
KOTM,4,5,80
KOTM,13,14,92.86
KOTM,8,8,100
KOTM,7,8,87.5
KOTM,27,27,100
KOTM,30,31,96.77
KOTM,11,12,91.67
KOTM,11,12,91.67
KOTM,12,12,100
KOTM,1,6,16.67
KOTM,35,36,97.22
KOTM,9,10,90
KOTM,10,11,90.91
KOTM,17,17,100
KOTM,10,14,71.43
KOTM,12,12,100
KOTM,10,11,90.91
KOTM,3,3,100
KOTM,11,13,84.62
KOTM,8,8,100
KOTM,6,7,85.71
KOTM,4,7,57.14
KOTM,9,9,100
KOTM,4,4,100
KOTM,16,16,100
KOTM,4,5,80
KOTM,10,11,90.91
KOTM,1,2,50
KOTM,4,4,100
KOTM,10,10,100
KOTM,12,12,100
KOTM,5,6,83.33
KOTM,10,11,90.91
KOTM,10,11,90.91
KOTM,11,11,100
KOTM,6,7,85.71
KOTM,16,16,100
KOTM,17,19,89.47
KOTM,7,7,100
KOTM,27,28,96.43
KOTM,13,13,100
KOTM,1,5,20
KOTM,8,13,61.54
KOTM,5,6,83.33
KOTM,5,5,100
KOTM,9,11,81.82
KOTM,3,4,75
KOTM,6,6,100
KOTM,4,6,66.67
KOTM,11,12,91.67
KOTM,1,2,50
KOTM,6,7,85.71
KOTM,12,13,92.31
KOTM,12,12,100
KOTM,2,2,100
KOTM,3,5,60
KOTM,7,8,87.5
KOTM,23,25,92
KOTM,1,1,100
KOTM,7,7,100
KOTM,9,10,90
KOTM,13,13,100
KOTM,3,5,60
KOTM,24,24,100
KOTM,19,20,95
KOTM,26,27,96.3
KOTM,11,11,100
KOTM,2,4,50
KOTM,12,12,100
KOTM,9,11,81.82
KOTM,34,34,100
KOTM,21,21,100
KOTM,5,6,83.33
KOTM,10,12,83.33
KOTM,3,5,60
KOTM,2,4,50
KOTM,7,7,100
KOTM,8,8,100
KOTM,6,8,75
KOTM,29,29,100
KOTM,13,14,92.86
KOTM,9,9,100
KOTM,3,3,100
KOTM,28,31,90.32
KOTM,4,5,80
KOTM,11,11,100
KOTM,11,11,100
KOTM,8,12,66.67
KOTM,6,7,85.71
KOTM,6,9,66.67
KOTM,6,9,66.67
KOTM,3,4,75
KOTM,4,4,100
KOTM,33,35,94.29
KOTM,9,9,100
KOTM,6,6,100
KOTM,6,7,85.71
KOTM,3,3,100
KOTM,17,18,94.44
KOTM,14,14,100
KOTM,19,19,100
KOTM,18,19,94.74
KOTM,11,12,91.67
KOTM,3,6,50
KOTM,11,12,91.67
KOTM,15,15,100
KOTM,13,13,100
KOTM,11,12,91.67
KOTM,10,10,100
KOTM,3,6,50
KOTM,2,5,40
KOTM,3,4,75
KOTM,8,10,80
KOTM,31,35,88.57
KOTM,0,2,
KOTM,2,4,50
KOTM,1,2,50
KOTM,8,9,88.89
KOTM,3,3,100
KOTM,11,12,91.67
KOTM,5,5,100
KOTM,11,12,91.67
KOTM,2,3,66.67
KOTM,8,10,80
KOTM,0,6,
KOTM,4,5,80
KOTM,6,6,100
KOTM,8,10,80
KOTM,19,23,82.61
KOTM,5,5,100
KOTM,4,5,80
KOTM,11,12,91.67
KOTM,2,3,66.67
KOTM,14,14,100
KOTM,18,18,100
KOTM,14,14,100
KOTM,13,14,92.86
KOTM,4,8,50
KOTM,28,32,87.5
KOTM,6,7,85.71
KOTM,6,7,85.71
KOTM,6,6,100
KOTM,10,13,76.92
KOTM,22,22,100
KOTM,12,12,100
KOTM,11,12,91.67
KOTM,17,18,94.44
KOTM,2,2,100
KOTM,16,18,88.89
KOTM,1,3,33.33
KOTM,1,3,33.33
KOTM,26,26,100
KOTM,4,5,80
KOTM,4,5,80
KOTM,1,3,33.33
KOTM,10,11,90.91
KOTM,14,15,93.33
KOTM,29,30,96.67
KOTM,5,5,100
KOTM,2,2,100
KOTM,28,34,82.35
KOTM,6,8,75
KOTM,10,11,90.91
KOTM,10,10,100
KOTM,9,10,90
KOTM,7,7,100
KOTM,2,2,100
KOTM,31,34,91.18
KOTM,2,4,50
KOTM,10,13,76.92
KOTM,7,8,87.5
KOTM,15,17,88.24
KOTM,8,8,100
KOTM,16,17,94.12
KOTM,12,12,100
KOTM,13,13,100
KOTM,6,6,100
KOTM,4,5,80
KOTM,2,6,33.33
KOTM,2,4,50
KOTM,11,12,91.67
KOTM,10,11,90.91
KOTM,8,8,100
KOTM,2,4,50
KOTM,11,12,91.67
KOTM,8,8,100
KOTM,5,5,100
KOTM,11,12,91.67
KOTM,20,21,95.24
KOTM,1,1,100
KOTM,2,5,40
KOTM,1,2,50
KOTM,7,8,87.5
KOTM,5,9,55.56
KOTM,32,32,100
KOTM,5,7,71.43
KOTM,16,17,94.12
KOTM,10,11,90.91
KOTM,9,11,81.82
KOTM,10,10,100
KOTM,3,3,100
KOTM,9,10,90
KOTM,6,7,85.71
KOTM,12,12,100
KOTM,4,5,80
KOTM,6,7,85.71
KOTM,4,7,57.14
KOTM,11,13,84.62
KOTM,30,33,90.91
KOTM,10,12,83.33
KOTM,6,8,75
KOTM,34,35,97.14
KOTM,7,10,70
KOTM,10,10,100
KOTM,2,2,100
KOTM,6,12,50
KOTM,2,6,33.33
KOTM,1,4,25
KOTM,3,9,33.33
KOTM,2,6,33.33
KOTM,3,4,75
KOTM,15,17,88.24
KOTM,6,8,75
KOTM,3,4,75
KOTM,11,16,68.75
KOTM,4,6,66.67
KOTM,17,19,89.47
KOTM,4,4,100
KOTM,11,11,100
KOTM,12,13,92.31
KOTM,5,6,83.33
KOTM,17,23,73.91
KOTM,27,28,96.43
KOTM,1,3,33.33
KOTM,6,6,100
KOTM,1,2,50
KOTM,14,17,82.35
KOTM,15,16,93.75
KOTM,2,3,66.67
KOTM,4,6,66.67
KOTM,18,20,90
KOTM,9,10,90
KOTM,9,9,100
KOTM,3,3,100
KOTM,21,24,87.5
KOTM,4,5,80
KOTM,23,23,100
KOTM,25,26,96.15
KOTM,7,7,100
KOTM,5,5,100
KOTM,5,5,100
KOTM,12,12,100
KOTM,0,3,
KOTM,10,12,83.33
KOTM,12,13,92.31
KOTM,34,35,97.14
KOTM,20,21,95.24
KOTM,18,18,100
KOTM,3,4,75
KOTM,22,26,84.62
KOTM,10,12,83.33
KOTM,3,4,75
KOTM,3,3,100
KOTM,12,12,100
KOTM,12,12,100
KOTM,3,6,50
KOTM,9,9,100
KOTM,2,2,100
KOTM,11,12,91.67
KOTM,15,20,75
KOTM,14,15,93.33
KOTM,33,34,97.06
KOTM,6,6,100
KOTM,7,7,100
KOTM,8,11,72.73
KOTM,14,14,100
KOTM,5,5,100
KOTM,13,14,92.86
KOTM,3,4,75
KOTM,14,14,100
KOTM,17,17,100
KOTM,11,11,100
KOTM,4,4,100
KOTM,16,16,100
KOTM,18,19,94.74
KOTM,3,5,60
KOTM,31,34,91.18
KOTM,31,35,88.57
KOTM,3,6,50
KOTM,9,10,90
KOTM,11,11,100
KOTM,11,11,100
KOTM,8,12,66.67
KOTM,11,11,100
KOTM,2,3,66.67
KOTM,0,2,
KOTM,2,3,66.67
KOTM,2,6,33.33
KOTM,2,3,66.67
KOTM,11,19,57.89
KOTM,11,12,91.67
KOTM,24,24,100
KOTM,13,17,76.47
KOTM,1,3,33.33
KOTM,3,3,100
KOTM,4,5,80
KOTM,17,17,100
KOTM,2,4,50
KOTM,12,13,92.31
KOTM,12,12,100
KOTM,6,7,85.71
KOTM,11,14,78.57
KOTM,15,16,93.75
KOTM,32,33,96.97
KOTM,4,4,100
KOTM,9,13,69.23
KOTM,2,3,66.67
KOTM,10,13,76.92
KOTM,12,13,92.31
KOTM,2,8,25
KOTM,4,4,100
KOTM,1,3,33.33
KOTM,3,3,100
KOTM,7,7,100
KOTM,16,18,88.89
KOTM,4,5,80
KOTM,10,12,83.33
KOTM,3,5,60
KOTM,5,5,100
KOTM,10,10,100
KOTM,10,12,83.33
KOTM,2,3,66.67
KOTM,4,6,66.67
KOTM,2,6,33.33
KOTM,8,9,88.89
KOTM,5,10,50
KOTM,6,12,50
KOTM,8,9,88.89
KOTM,8,9,88.89
KOTM,9,10,90
KOTM,6,7,85.71
KOTM,11,11,100
KOTM,4,5,80
KOTM,12,12,100
KOTM,5,6,83.33
KOTM,8,8,100
KOTM,7,11,63.64
KOTM,12,13,92.31
KOTM,17,17,100
KOTM,14,15,93.33
KOTM,30,30,100
KOTM,1,2,50
KOTM,3,4,75
KOTM,28,28,100
KOTM,2,3,66.67
KOTM,1,3,33.33
KOTM,6,6,100
KOTM,6,6,100
KOTM,5,7,71.43
KOTM,5,5,100
KOTM,11,12,91.67
KOTM,6,7,85.71
KOTM,7,8,87.5
KOTM,3,4,75
KOTM,7,9,77.78
KOTM,17,17,100
KOTM,3,7,42.86
KOTM,12,12,100
KOTM,8,10,80
KOTM,4,4,100
KOTM,4,5,80
KOTM,32,32,100
KOTM,11,12,91.67
KOTM,6,6,100
KOTM,7,7,100
KOTM,16,17,94.12
KOTM,7,7,100
KOTM,2,5,40
KOTM,6,7,85.71
KOTM,14,15,93.33
KOTM,11,12,91.67
KOTM,13,13,100
KOTM,2,3,66.67
KOTM,15,17,88.24
KOTM,6,6,100
KOTM,6,6,100
KOTM,15,15,100
KOTM,6,7,85.71
KOTM,3,3,100
KOTM,1,3,33.33
KOTM,5,5,100
KOTM,13,14,92.86
KOTM,8,9,88.89
KOTM,13,13,100
KOTM,8,9,88.89
KOTM,12,13,92.31
KOTM,2,2,100
KOTM,22,22,100
KOTM,5,7,71.43
KOTM,6,7,85.71
KOTM,11,11,100
KOTM,11,12,91.67
KOTM,5,6,83.33
KOTM,3,4,75
KOTM,5,5,100
KOTM,6,7,85.71
KOTM,9,10,90
KOTM,6,6,100
KOTM,11,13,84.62
KOTM,6,10,60
KOTM,20,21,95.24
KOTM,15,16,93.75
KOTM,23,24,95.83
KOTM,4,6,66.67
KOTM,31,31,100
KOTM,4,8,50
KOTM,8,11,72.73
KOTM,3,7,42.86
KOTM,10,11,90.91
KOTM,2,2,100
KOTM,15,16,93.75
KOTM,2,4,50
KOTM,5,6,83.33
KOTM,33,35,94.29
KOTM,6,6,100
KOTM,3,4,75
KOTM,35,35,100
KOTM,6,6,100
KOTM,12,13,92.31
KOTM,6,6,100
KOTM,10,11,90.91
KOTM,14,15,93.33
KOTM,12,13,92.31
KOTM,30,31,96.77
KOTM,9,11,81.82
KOTM,3,6,50
KOTM,3,6,50
KOTM,23,23,100
KOTM,4,5,80
KOTM,9,12,75
KOTM,8,8,100
KOTM,13,13,100
KOTM,8,10,80
KOTM,6,6,100
KOTM,4,6,66.67
KOTM,28,28,100
KOTM,13,13,100
KOTM,11,11,100
KOTM,2,3,66.67
KOTM,3,4,75
KOTM,7,8,87.5
KOTM,3,3,100
KOTM,4,4,100
KOTM,10,12,83.33
KOTM,9,10,90
KOTM,4,5,80
KOTM,6,7,85.71
KOTM,5,6,83.33
KOTM,14,16,87.5
KOTM,4,5,80
KOTM,6,6,100
KOTM,5,5,100
KOTM,3,3,100
KOTM,6,6,100
KOTM,17,24,70.83
KOTM,28,35,80
San Juan,2,3,66.67
San Juan,6,7,85.71
San Juan,3,3,100
San Juan,8,11,72.73
San Juan,17,17,100
San Juan,3,4,75
San Juan,10,10,100
San Juan,9,10,90
San Juan,8,10,80
San Juan,3,3,100
San Juan,12,14,85.71
San Juan,12,12,100
San Juan,11,13,84.62
San Juan,3,6,50
San Juan,12,13,92.31
San Juan,6,8,75
San Juan,23,25,92
San Juan,5,7,71.43
San Juan,5,7,71.43
San Juan,12,13,92.31
San Juan,10,10,100
San Juan,22,24,91.67
Central,13,15,86.67
Central,2,2,100
Central,4,4,100
Central,13,13,100
Central,14,14,100
Central,10,13,76.92
Central,4,4,100
Central,7,7,100
Central,4,4,100
Central,5,5,100
Central,1,2,50
Central,15,15,100
Central,16,16,100
Central,33,34,97.06
Central,15,17,88.24
Central,1,4,25
Central,5,5,100
Central,18,18,100
Central,20,21,95.24
Central,11,12,91.67
Central,6,10,60
Central,13,13,100
Central,10,10,100
Central,11,12,91.67
Central,4,5,80
Central,10,11,90.91
Central,5,7,71.43
Central,29,29,100
Central,18,19,94.74
Central,8,8,100
Central,12,13,92.31
Central,23,24,95.83
Central,4,4,100
Central,0,4,
Central,3,3,100
Central,1,3,33.33
Central,3,3,100
Central,1,3,33.33
Central,11,12,91.67
Central,6,8,75
Central,11,11,100
Central,15,16,93.75
Central,15,15,100
Central,13,13,100
Central,4,7,57.14
Central,14,15,93.33
Central,17,18,94.44
Central,10,10,100
Central,24,24,100
Central,24,24,100
Central,13,13,100
Central,12,12,100
Central,8,8,100
Central,19,19,100
Central,6,6,100
Central,13,13,100
Central,28,32,87.5
Central,8,8,100
Central,2,2,100
Central,13,14,92.86
Central,4,4,100
Central,7,7,100
Central,17,18,94.44
Central,13,14,92.86
Central,30,35,85.71
Central,11,13,84.62
Central,29,29,100
Central,6,13,46.15
Central,8,10,80
Central,11,11,100
Central,5,8,62.5
Central,20,25,80
Central,19,19,100
Central,4,4,100
Central,12,13,92.31
Central,18,19,94.74
Central,25,25,100
Central,1,4,25
Central,10,11,90.91
Central,4,8,50
Central,10,13,76.92
Central,3,3,100
Central,8,9,88.89
Central,19,21,90.48
Central,25,27,92.59
Davis,33,34,97.06
Davis,0,1,
Davis,7,7,100
Davis,10,12,83.33
Davis,5,6,83.33
Davis,8,8,100
Davis,3,3,100
Davis,12,12,100
Davis,14,14,100
Davis,6,6,100
Davis,1,2,50
Davis,7,7,100
Davis,25,27,92.59
Davis,13,14,92.86
Davis,11,14,78.57
Davis,10,11,90.91
Davis,12,13,92.31
Davis,13,14,92.86
Davis,16,16,100
Davis,4,5,80
Davis,11,12,91.67
Davis,1,2,50
Davis,5,5,100
Davis,15,15,100
Davis,13,17,76.47
Davis,9,11,81.82
Davis,3,4,75
Davis,29,36,80.56
Davis,13,13,100
Davis,6,6,100
Davis,3,3,100
Davis,4,4,100
Davis,17,17,100
Davis,1,2,50
Davis,10,13,76.92
Davis,4,5,80
Davis,4,4,100
Davis,10,11,90.91
Davis,3,3,100
Davis,5,5,100
Davis,14,17,82.35
Davis,18,18,100
Davis,5,5,100
Davis,24,30,80
Davis,7,9,77.78
Davis,28,32,87.5
Davis,20,22,90.91
Davis,2,4,50
Davis,9,10,90
Davis,4,5,80
Davis,8,11,72.73
Davis,16,17,94.12
Davis,10,11,90.91
Davis,7,8,87.5
Davis,13,13,100
Davis,9,9,100
Davis,5,5,100
Davis,8,9,88.89
Davis,11,11,100
Davis,2,5,40
Davis,9,10,90
Davis,8,8,100
Davis,4,4,100
Davis,1,3,33.33
Davis,13,13,100
Davis,1,3,33.33
Davis,3,4,75
Davis,6,6,100
Davis,5,5,100
Davis,23,23,100
Davis,10,10,100
Davis,29,30,96.67
Davis,6,6,100
Davis,12,13,92.31
Davis,8,8,100
Davis,17,17,100
Davis,10,10,100
Davis,4,4,100
Davis,4,5,80
Davis,31,34,91.18
Davis,23,23,100
Davis,8,8,100
Davis,3,3,100
Davis,2,4,50
Davis,8,8,100
Davis,3,4,75
Davis,10,10,100
Davis,12,13,92.31
Davis,5,6,83.33
Davis,5,6,83.33
Davis,6,9,66.67
Davis,3,5,60
Davis,16,18,88.89
Davis,2,2,100
Davis,6,6,100
Davis,33,35,94.29
Davis,6,7,85.71
Davis,16,16,100
Davis,1,1,100
Davis,16,17,94.12
Davis,7,7,100
Davis,10,11,90.91
Davis,7,11,63.64
Davis,5,6,83.33
Davis,5,6,83.33
Davis,11,14,78.57
Davis,10,13,76.92
Davis,8,8,100
Davis,1,2,50
Davis,16,16,100
Davis,2,2,100
Davis,4,6,66.67
Davis,12,12,100
Davis,2,4,50
Davis,32,32,100
Davis,13,15,86.67
Davis,6,6,100
Davis,12,12,100
Davis,17,18,94.44
Davis,6,6,100
Davis,20,20,100
Davis,3,3,100
Davis,33,33,100
Davis,4,4,100
Davis,2,2,100
Davis,8,8,100
Davis,20,21,95.24
Davis,9,9,100
Davis,10,10,100
Davis,5,6,83.33
Davis,5,5,100
Davis,3,3,100
Davis,7,8,87.5
Davis,10,11,90.91
Davis,10,10,100
Davis,18,21,85.71
Davis,8,10,80
Davis,0,1,
Davis,19,19,100
Davis,6,6,100
Davis,7,8,87.5
Davis,11,14,78.57
Davis,11,12,91.67
Davis,17,20,85
Davis,8,8,100
Davis,9,12,75
Davis,6,6,100
Davis,13,14,92.86
Davis,2,2,100
Davis,1,3,33.33
Davis,17,17,100
Davis,6,6,100
Davis,4,5,80
Davis,3,3,100
Davis,2,4,50
Davis,5,6,83.33
Davis,13,15,86.67
Davis,5,7,71.43
Davis,20,20,100
Davis,34,35,97.14
Davis,12,12,100
Davis,10,10,100
Davis,20,20,100
Davis,8,9,88.89
Davis,7,7,100
Davis,15,17,88.24
Davis,9,17,52.94
Davis,10,12,83.33
Davis,9,9,100
Davis,11,14,78.57
Davis,8,9,88.89
Davis,5,5,100
Davis,15,15,100
Davis,12,13,92.31
Davis,30,31,96.77
Davis,6,7,85.71
Davis,5,5,100
Davis,10,10,100
Davis,9,11,81.82
Davis,8,8,100
Davis,12,12,100
Davis,4,4,100
Davis,6,6,100
Davis,11,11,100
Davis,10,10,100
Davis,10,10,100
Davis,6,6,100
Davis,6,7,85.71
Davis,12,12,100
Davis,11,12,91.67
Davis,3,4,75
Davis,34,35,97.14
Davis,9,18,50
Davis,7,7,100
Davis,2,2,100
Davis,5,6,83.33
Davis,19,27,70.37
Davis,12,13,92.31
Davis,12,13,92.31
Davis,4,4,100
Davis,5,6,83.33
Davis,10,10,100
Davis,36,37,97.3
Davis,12,15,80
Davis,13,13,100
Davis,26,27,96.3
Davis,9,9,100
Davis,7,7,100
Davis,35,35,100
Davis,4,4,100
Davis,11,11,100
Davis,9,10,90
Davis,1,2,50
Davis,6,7,85.71
Davis,13,13,100
Davis,11,13,84.62
Davis,25,26,96.15
Davis,1,3,33.33
Davis,25,31,80.65
Davis,1,3,33.33
Davis,16,16,100
Davis,13,13,100
Davis,4,5,80
Davis,3,3,100
Davis,16,18,88.89
Davis,5,5,100
Davis,7,7,100
Davis,10,12,83.33
Davis,6,11,54.55
Davis,5,5,100
Davis,5,5,100
Davis,2,2,100
Davis,17,17,100
Davis,23,24,95.83
Davis,22,34,64.71
Davis,9,10,90
Davis,5,9,55.56
Davis,3,3,100
Davis,1,2,50
Davis,2,4,50
Davis,25,29,86.21
Davis,11,12,91.67
Davis,17,17,100
Davis,1,5,20
Davis,9,11,81.82
Davis,9,10,90
Davis,14,15,93.33
Davis,24,24,100
Davis,8,9,88.89
Davis,9,12,75
Davis,18,19,94.74
Davis,1,3,33.33
Davis,9,9,100
Davis,2,3,66.67
Davis,12,12,100
Davis,16,16,100
Davis,5,7,71.43
Davis,1,3,33.33
Davis,6,7,85.71
Davis,22,24,91.67
Davis,10,12,83.33
Davis,15,15,100
Davis,30,35,85.71
Davis,5,6,83.33
Davis,1,2,50
Davis,5,5,100
Davis,1,1,100
Davis,9,11,81.82
Davis,25,27,92.59
Davis,5,7,71.43
Davis,6,7,85.71
Davis,1,2,50
Davis,15,16,93.75
Davis,23,23,100
Davis,3,3,100
Davis,1,4,25
Davis,11,11,100
Davis,6,7,85.71
Davis,14,14,100
Davis,3,4,75
Davis,10,12,83.33
Davis,11,11,100
Davis,6,8,75
Davis,8,9,88.89
Davis,13,14,92.86
Davis,1,3,33.33
Davis,22,22,100
Davis,11,11,100
Davis,2,2,100
Davis,31,31,100
Davis,8,9,88.89
Davis,8,8,100
Davis,7,10,70
Davis,11,13,84.62
Davis,4,4,100
Davis,7,8,87.5
Davis,11,12,91.67
Davis,8,8,100
Davis,10,11,90.91
Davis,3,4,75
Davis,2,4,50
Davis,10,11,90.91
Davis,2,2,100
Davis,8,8,100
Davis,12,12,100
Davis,15,16,93.75
Davis,6,6,100
Davis,2,5,40
Davis,1,2,50
Davis,14,16,87.5
Davis,10,12,83.33
Davis,10,10,100
Davis,9,10,90
Davis,4,8,50
Davis,13,13,100
Davis,2,4,50
Davis,5,6,83.33
Davis,12,12,100
Davis,3,3,100
Davis,10,10,100
Davis,10,10,100
SUU,2,5,40
SUU,8,9,88.89
SUU,11,12,91.67
SUU,14,14,100
SUU,21,22,95.45
SUU,17,18,94.44
SUU,6,7,85.71
SUU,15,16,93.75
SUU,9,10,90
SUU,2,2,100
SUU,19,19,100
SUU,8,9,88.89
SUU,19,19,100
SUU,13,13,100
SUU,7,11,63.64
SUU,10,10,100
SUU,5,6,83.33
SUU,4,6,66.67
SUU,23,24,95.83
SUU,13,14,92.86
SUU,8,8,100
SUU,8,12,66.67
SUU,25,27,92.59
SUU,14,18,77.78
SUU,16,17,94.12
SUU,7,7,100
SUU,9,11,81.82
SUU,2,2,100
SUU,11,13,84.62
SUU,5,6,83.33
SUU,15,16,93.75
SUU,10,11,90.91
SUU,1,3,33.33
SUU,11,13,84.62
SUU,5,8,62.5
SUU,2,3,66.67
SUU,8,10,80
SUU,3,6,50
SUU,13,14,92.86
SUU,9,10,90
SUU,14,15,93.33
SUU,7,8,87.5
SUU,13,14,92.86
SUU,8,8,100
SUU,6,8,75
SUU,10,10,100
SUU,12,12,100
SUU,16,16,100
SUU,6,6,100
SUU,10,11,90.91
SUU,6,6,100
SUU,10,10,100
SUU,8,9,88.89
SUU,2,6,33.33
SUU,8,9,88.89
SUU,0,1,
SUU,6,6,100
SUU,5,6,83.33
SUU,4,4,100
SUU,9,9,100
SUU,11,12,91.67
SUU,34,35,97.14
SUU,7,7,100
SUU,12,16,75
SUU,4,4,100
SUU,3,4,75
SUU,6,6,100
SUU,5,6,83.33
SUU,6,6,100
Weber,19,20,95
Weber,11,12,91.67
Weber,3,3,100
Weber,8,9,88.89
Weber,9,11,81.82
Weber,8,9,88.89
Weber,5,6,83.33
Weber,20,21,95.24
Weber,7,11,63.64
Weber,14,15,93.33
Weber,14,17,82.35
Weber,8,9,88.89
Weber,20,21,95.24
Weber,17,18,94.44
Weber,17,18,94.44
Weber,4,5,80
Weber,28,29,96.55
Weber,28,29,96.55
Weber,6,7,85.71
Weber,23,24,95.83
Weber,7,7,100
Weber,13,13,100
Weber,5,8,62.5
Weber,6,7,85.71
Weber,12,12,100
Weber,2,3,66.67
Weber,6,7,85.71
Weber,26,28,92.86
Weber,4,6,66.67
Weber,12,12,100
Weber,9,12,75
Weber,12,13,92.31
Weber,8,9,88.89
Weber,12,13,92.31
Weber,7,9,77.78
Weber,10,11,90.91
Weber,5,5,100
Weber,2,6,33.33
Weber,12,12,100
Weber,13,16,81.25
Weber,6,7,85.71
Weber,4,5,80
Weber,9,9,100
Weber,1,2,50
Weber,26,33,78.79
Weber,0,2,
Weber,11,12,91.67
Weber,6,9,66.67
Weber,22,24,91.67
Weber,5,5,100
Weber,3,9,33.33
Weber,8,9,88.89
Weber,11,13,84.62
Weber,3,3,100
Weber,28,29,96.55
Weber,19,19,100
Weber,24,24,100
Weber,13,14,92.86
Weber,16,17,94.12
Weber,26,26,100
Weber,5,7,71.43
Weber,5,6,83.33
Weber,10,12,83.33
Weber,4,8,50
Weber,5,7,71.43
Weber,7,8,87.5
Weber,6,6,100
Weber,35,36,97.22
Weber,13,14,92.86
Weber,9,9,100
Weber,8,18,44.44
Weber,3,4,75
Weber,4,5,80
Weber,1,4,25
Weber,5,7,71.43
Weber,10,13,76.92
Weber,8,9,88.89
Weber,11,15,73.33
Weber,6,6,100
Weber,4,9,44.44
Weber,23,25,92
Weber,9,9,100
Weber,3,3,100
Weber,7,7,100
Weber,8,9,88.89
Weber,9,12,75
Weber,13,13,100
Weber,12,12,100
Weber,9,9,100
Weber,12,12,100
Weber,11,13,84.62
Weber,5,5,100
Weber,16,17,94.12
Weber,7,10,70
Weber,3,3,100
Weber,14,26,53.85
Weber,5,7,71.43
Weber,4,4,100
Weber,3,6,50
Weber,8,8,100
Weber,34,36,94.44
Weber,4,5,80
Weber,0,3,
Weber,7,8,87.5
Weber,14,14,100
Weber,14,14,100
Weber,12,12,100
Weber,6,13,46.15
Weber,30,34,88.24
Weber,6,9,66.67
Weber,4,10,40
Weber,4,5,80
Weber,9,10,90
Weber,11,12,91.67
Weber,8,9,88.89
Weber,6,6,100
Weber,6,6,100
Weber,6,7,85.71
Weber,2,4,50
Weber,5,6,83.33
Weber,8,9,88.89
Weber,4,5,80
Weber,31,31,100
Weber,0,3,
Weber,8,8,100
Weber,6,6,100
Weber,5,6,83.33
Weber,3,3,100
Weber,17,20,85
Weber,4,7,57.14
Weber,1,6,16.67
Weber,10,11,90.91
Weber,1,3,33.33
Weber,3,4,75
Weber,10,10,100
Weber,8,11,72.73
Weber,9,10,90
Weber,35,36,97.22
Weber,12,12,100
Weber,6,6,100
Weber,23,25,92
Weber,7,8,87.5
Weber,13,14,92.86
Weber,21,23,91.3
Weber,6,8,75
Weber,1,4,25
Weber,4,5,80
Weber,6,6,100
Weber,13,13,100
Weber,9,11,81.82
Weber,29,34,85.29
Weber,36,36,100
Weber,31,35,88.57
Weber,9,11,81.82
Weber,12,13,92.31
Weber,4,4,100
Weber,12,15,80
Weber,2,8,25
Weber,22,25,88
Weber,20,20,100
Weber,9,9,100
Weber,1,2,50
Weber,7,10,70
Weber,3,5,60
Weber,12,13,92.31
Weber,9,11,81.82
Weber,26,31,83.87
Weber,11,11,100
Weber,11,11,100
Weber,3,3,100
Weber,6,11,54.55
Weber,3,4,75
Weber,19,20,95
Weber,32,35,91.43
Weber,8,9,88.89
Weber,2,3,66.67
Weber,11,12,91.67
Weber,2,3,66.67
Weber,4,5,80
Weber,6,7,85.71
Weber,7,10,70
Weber,19,22,86.36
Weber,27,34,79.41
Weber,6,6,100
Weber,10,13,76.92
Weber,8,12,66.67
Weber,6,6,100
Weber,16,17,94.12
Weber,10,12,83.33
Weber,5,5,100
Weber,10,11,90.91
Weber,15,16,93.75
Weber,8,10,80
Weber,35,36,97.22
Weber,3,3,100
Weber,8,8,100
Weber,14,14,100
Weber,25,26,96.15
Weber,15,16,93.75
Weber,5,6,83.33
Weber,3,5,60
Weber,5,6,83.33
Weber,5,6,83.33
Weber,10,12,83.33
Weber,33,36,91.67
Weber,3,4,75
Weber,13,17,76.47
Weber,16,17,94.12
Weber,8,9,88.89
Weber,13,13,100
Weber,0,4,
Weber,28,28,100
Weber,33,34,97.06
Weber,6,6,100
Weber,6,6,100
Weber,14,15,93.33
Weber,8,9,88.89
Weber,7,7,100
Weber,4,5,80
Weber,7,8,87.5
Weber,11,14,78.57
Weber,19,20,95
Weber,1,4,25
Weber,11,12,91.67
Weber,10,16,62.5
Weber,34,35,97.14
Weber,16,17,94.12
Weber,6,7,85.71
Weber,21,22,95.45
Weber,3,4,75
Weber,11,13,84.62
Weber,8,12,66.67
Weber,15,16,93.75
Weber,18,18,100
Weber,10,11,90.91
Weber,10,11,90.91
Weber,10,16,62.5
Weber,11,14,78.57
Weber,12,13,92.31
Weber,13,14,92.86
Weber,1,5,20
Weber,14,15,93.33
Weber,17,18,94.44
Weber,4,6,66.67
Weber,10,10,100
Weber,2,4,50
Weber,10,11,90.91
Weber,9,11,81.82
Weber,5,5,100
Weber,5,6,83.33
Weber,4,6,66.67
Weber,4,6,66.67
Weber,5,8,62.5
Weber,29,30,96.67
Weber,27,28,96.43
Weber,4,4,100
Weber,3,4,75
Weber,9,10,90
Weber,13,14,92.86
Weber,9,10,90
Weber,10,11,90.91
Weber,3,4,75
Weber,20,22,90.91
Weber,11,12,91.67
Weber,5,5,100
Weber,17,17,100
Weber,16,16,100
Weber,1,6,16.67
Weber,5,6,83.33
Weber,8,8,100
Weber,7,7,100
Weber,7,7,100
Weber,21,22,95.45
Weber,5,12,41.67
Weber,6,6,100
Weber,7,8,87.5
Weber,3,5,60
Weber,3,5,60
Weber,1,4,25
Weber,16,17,94.12
Weber,5,5,100
Weber,6,6,100
Weber,17,17,100
Weber,15,16,93.75
Weber,4,4,100
Weber,4,4,100
Weber,4,4,100
Weber,11,12,91.67
Weber,4,10,40
Weber,5,9,55.56
Weber,2,7,28.57
Summit,6,6,100
Summit,12,12,100
Summit,0,1,
Summit,3,4,75
Summit,7,8,87.5
Summit,2,3,66.67
Summit,13,13,100
Summit,6,6,100
Summit,1,6,16.67
Summit,18,19,94.74
Summit,5,5,100
Summit,1,1,100
Summit,13,13,100
Summit,5,5,100
Summit,7,7,100
Summit,26,26,100
Summit,4,5,80
Summit,2,2,100
Summit,1,2,50
Summit,9,10,90
Summit,7,7,100
Summit,10,11,90.91
Summit,3,5,60
Summit,18,18,100
Summit,26,27,96.3
Summit,4,4,100
Summit,9,15,60
Summit,2,2,100
Summit,17,17,100
Summit,3,4,75
Summit,12,16,75
Summit,5,6,83.33
Summit,11,11,100
Summit,34,35,97.14
Summit,28,29,96.55
Summit,29,32,90.63
Summit,13,13,100
Summit,2,5,40
Summit,1,4,25
Summit,4,4,100
Summit,2,2,100
Summit,12,14,85.71
Summit,4,4,100
Summit,3,3,100
Summit,12,13,92.31
Summit,34,35,97.14
Summit,3,4,75
Summit,3,3,100
Summit,3,5,60
Summit,1,6,16.67
Summit,9,10,90
Summit,7,7,100
Summit,9,11,81.82
Summit,10,18,55.56
Summit,4,10,40
Summit,36,36,100
Summit,2,5,40
Summit,4,5,80
Summit,4,4,100
Summit,6,6,100
Summit,3,3,100
Summit,5,7,71.43
Summit,2,4,50
Summit,9,9,100
Summit,13,13,100
Summit,8,11,72.73
Summit,3,4,75
Summit,7,8,87.5
Summit,6,7,85.71
Summit,4,6,66.67
Summit,11,11,100
Summit,13,13,100
Summit,4,5,80
Summit,15,16,93.75
Summit,0,2,
Summit,21,24,87.5
Summit,5,6,83.33
Summit,4,4,100
Summit,11,11,100
Summit,3,5,60
Summit,2,5,40
Summit,8,8,100
Summit,2,3,66.67
Summit,5,6,83.33
Summit,5,5,100
Summit,3,3,100
Summit,10,15,66.67
South East,17,18,94.44
South East,7,7,100
South East,17,17,100
South East,7,7,100
South East,10,10,100
South East,3,4,75
South East,12,14,85.71
South East,34,34,100
South East,6,8,75
South East,13,13,100
South East,13,15,86.67
South East,8,8,100
South East,3,3,100
South East,9,10,90
South East,16,17,94.12
South East,9,9,100
South East,12,17,70.59
South East,8,12,66.67
South East,11,13,84.62
South East,6,6,100
South East,28,29,96.55
South East,7,7,100
South East,5,5,100
South East,1,4,25
South East,32,33,96.97
South East,7,7,100
South East,3,6,50
South East,12,12,100
South East,12,14,85.71
South East,13,13,100
South East,7,7,100
South East,19,19,100
South East,3,4,75
South East,10,10,100
South East,5,6,83.33
South East,12,13,92.31
South East,6,8,75
South East,9,9,100
South East,31,33,93.94
South East,20,24,83.33
South East,4,4,100
South East,2,2,100
South East,11,11,100
South East,24,25,96
South East,30,30,100
South East,8,9,88.89
South East,12,13,92.31
South East,15,16,93.75
South East,3,3,100
South East,20,20,100
South East,29,32,90.63
South East,2,2,100
South East,4,6,66.67
South East,7,7,100
South East,2,3,66.67
South East,10,10,100
South East,27,27,100
South East,6,7,85.71
South East,13,13,100
South East,34,34,100
South East,5,5,100
South East,12,15,80
South East,31,31,100
KWC,5,6,83.33
KWC,15,16,93.75
KWC,3,4,75
KWC,21,22,95.45
KWC,9,10,90
KWC,10,15,66.67
KWC,10,11,90.91
KWC,1,2,50
KWC,5,11,45.45
KWC,9,10,90
KWC,3,5,60
KWC,4,5,80
KWC,15,17,88.24
KWC,2,13,15.38
KWC,6,8,75
KWC,11,11,100
KWC,2,4,50
KWC,12,13,92.31
KWC,16,16,100
KWC,10,14,71.43
KWC,4,4,100
KWC,6,6,100
KWC,8,9,88.89
KWC,18,19,94.74
KWC,10,11,90.91
KWC,28,29,96.55
KWC,9,12,75
KWC,35,35,100
KWC,9,9,100
KWC,7,8,87.5
KWC,14,14,100
KWC,19,20,95
KWC,9,23,39.13
KWC,8,13,61.54
KWC,9,10,90
KWC,9,11,81.82
KWC,7,9,77.78
KWC,1,2,50
KWC,6,6,100
KWC,2,2,100
KWC,34,35,97.14
KWC,12,13,92.31
KWC,3,4,75
KWC,13,16,81.25
KWC,14,14,100
KWC,10,10,100
KWC,32,33,96.97
KWC,15,16,93.75
KWC,5,7,71.43
KWC,4,8,50
KWC,12,17,70.59
KWC,8,11,72.73
KWC,11,11,100
KWC,13,13,100
KWC,3,3,100
KWC,11,11,100
KWC,4,7,57.14
KWC,9,16,56.25
KWC,6,7,85.71
KWC,16,17,94.12
KWC,5,5,100
KWC,5,6,83.33
KWC,8,9,88.89
KWC,3,3,100
KWC,7,10,70
KWC,10,10,100
KWC,9,11,81.82
KWC,9,10,90
KWC,4,5,80
KWC,5,5,100
KWC,4,4,100
KWC,33,33,100
KWC,4,6,66.67
KWC,16,17,94.12
KWC,3,5,60
KWC,3,6,50
KWC,7,8,87.5
KWC,25,26,96.15
KWC,0,5,
KWC,22,22,100
KWC,1,2,50
KWC,2,3,66.67
KWC,5,5,100
KWC,2,3,66.67
KWC,2,3,66.67
KWC,3,5,60
KWC,8,11,72.73
KWC,10,10,100
KWC,12,12,100
KWC,9,11,81.82
KWC,1,2,50
KWC,7,9,77.78
KWC,7,11,63.64
KWC,9,11,81.82
KWC,4,5,80
KWC,7,7,100
KWC,34,35,97.14
KWC,3,6,50
KWC,8,9,88.89
KWC,2,4,50
KWC,3,4,75
KWC,26,26,100
KWC,15,16,93.75
KWC,31,33,93.94
KWC,1,4,25
KWC,12,14,85.71
KWC,3,9,33.33
KWC,7,11,63.64
KWC,6,6,100
KWC,14,15,93.33
KWC,4,6,66.67
KWC,16,17,94.12
KWC,10,10,100
KWC,8,8,100
KWC,13,13,100
KWC,4,4,100
KWC,2,5,40
KWC,2,8,25
KWC,16,17,94.12
KWC,7,10,70
KWC,4,6,66.67
KWC,3,4,75
KWC,15,17,88.24
KWC,35,36,97.22
KWC,4,5,80
KWC,27,30,90
KWC,9,15,60
KWC,2,2,100
KWC,3,4,75
KWC,28,32,87.5
KWC,35,35,100
KWC,1,3,33.33
KWC,5,5,100
KWC,34,35,97.14
KWC,7,8,87.5
KWC,23,34,67.65
KWC,5,5,100
KWC,3,4,75
KWC,16,17,94.12
KWC,13,18,72.22
KWC,11,12,91.67
KWC,5,6,83.33
KWC,32,32,100
KWC,2,3,66.67
KWC,2,3,66.67
KWC,5,5,100
KWC,10,11,90.91
KWC,10,11,90.91
KWC,7,12,58.33
KWC,4,5,80
KWC,6,8,75
KWC,26,27,96.3
KWC,7,7,100
KWC,9,14,64.29
KWC,3,4,75
KWC,15,15,100
KWC,15,20,75
KWC,6,8,75
KWC,11,11,100
KWC,10,11,90.91
KWC,12,12,100
KWC,35,35,100
KWC,12,12,100
KWC,21,22,95.45
KWC,11,16,68.75
KWC,34,35,97.14
KWC,16,18,88.89
KWC,1,2,50
KWC,4,5,80
KWC,0,1,
KWC,18,20,90
KWC,15,16,93.75
KWC,10,18,55.56
PEIP,2,3,66.67
PEIP,10,11,90.91
PEIP,19,24,79.17
PEIP,8,13,61.54
PEIP,28,31,90.32
PEIP,7,8,87.5
PEIP,13,13,100
PEIP,4,4,100
PEIP,2,2,100
PEIP,11,13,84.62
PEIP,2,3,66.67
PEIP,9,11,81.82
PEIP,10,12,83.33
PEIP,1,2,50
PEIP,6,8,75
PEIP,6,6,100
PEIP,11,12,91.67
PEIP,10,12,83.33
PEIP,8,9,88.89
PEIP,11,12,91.67
PEIP,7,7,100
PEIP,9,13,69.23
PEIP,16,16,100
PEIP,4,7,57.14
PEIP,11,12,91.67
PEIP,26,27,96.3
PEIP,6,6,100
PEIP,6,9,66.67
PEIP,6,6,100
PEIP,12,13,92.31
PEIP,3,8,37.5
PEIP,10,10,100
PEIP,29,29,100
PEIP,27,29,93.1
PEIP,12,13,92.31
PEIP,11,11,100
PEIP,2,3,66.67
PEIP,3,4,75
PEIP,8,9,88.89
PEIP,12,12,100
PEIP,6,7,85.71
PEIP,10,10,100
PEIP,34,34,100
PEIP,2,4,50
PEIP,9,11,81.82
PEIP,11,11,100
PEIP,3,3,100
PEIP,6,6,100
PEIP,8,9,88.89
PEIP,8,8,100
PEIP,10,13,76.92
PEIP,10,12,83.33
PEIP,12,12,100
PEIP,9,9,100
PEIP,15,15,100
PEIP,2,3,66.67
PEIP,2,5,40
PEIP,6,7,85.71
PEIP,13,13,100
PEIP,3,3,100
PEIP,9,9,100
PEIP,9,13,69.23
PEIP,7,7,100
PEIP,9,13,69.23
PEIP,5,6,83.33
PEIP,3,5,60
PEIP,4,4,100
PEIP,12,17,70.59
PEIP,2,3,66.67
PEIP,19,19,100
PEIP,12,12,100
PEIP,15,15,100
PEIP,8,9,88.89
PEIP,3,3,100
PEIP,2,4,50
PEIP,10,13,76.92
PEIP,13,13,100
PEIP,2,2,100
PEIP,11,11,100
PEIP,16,19,84.21
PEIP,5,5,100
PEIP,7,10,70
PEIP,12,12,100
PEIP,13,13,100
PEIP,13,14,92.86
PEIP,10,10,100
PEIP,21,22,95.45
PEIP,21,22,95.45
PEIP,5,7,71.43
PEIP,11,12,91.67
PEIP,5,5,100
PEIP,4,5,80
PEIP,4,5,80
PEIP,4,4,100
PEIP,9,9,100
PEIP,13,13,100
PEIP,3,3,100
PEIP,10,12,83.33
PEIP,5,6,83.33
PEIP,7,8,87.5
PEIP,11,11,100
PEIP,3,4,75
PEIP,9,9,100
PEIP,3,10,30
PEIP,8,8,100
PEIP,12,12,100
PEIP,7,7,100
PEIP,10,10,100
PEIP,6,7,85.71
PEIP,8,9,88.89
PEIP,11,12,91.67
PEIP,6,6,100
PEIP,6,6,100
PEIP,16,17,94.12
PEIP,20,22,90.91
PEIP,4,4,100
PEIP,4,5,80
PEIP,6,7,85.71
PEIP,18,19,94.74
PEIP,3,3,100
PEIP,13,13,100
PEIP,9,13,69.23
PEIP,11,11,100
PEIP,20,22,90.91
PEIP,1,2,50
PEIP,7,7,100
PEIP,22,25,88
PEIP,22,27,81.48
PEIP,10,12,83.33
PEIP,4,4,100
PEIP,2,2,100
PEIP,8,8,100
PEIP,8,9,88.89
PEIP,3,4,75
PEIP,12,12,100
PEIP,9,11,81.82
PEIP,3,3,100
PEIP,7,8,87.5
PEIP,7,7,100
PEIP,7,7,100
PEIP,24,25,96
PEIP,8,10,80
PEIP,13,17,76.47
PEIP,13,13,100
PEIP,10,13,76.92
PEIP,12,12,100
PEIP,11,12,91.67
PEIP,5,6,83.33
PEIP,5,6,83.33
PEIP,12,12,100
PEIP,14,15,93.33
PEIP,2,2,100
PEIP,8,8,100
PEIP,19,19,100
PEIP,8,10,80
PEIP,5,6,83.33
PEIP,10,10,100
PEIP,6,7,85.71
PEIP,17,17,100
PEIP,3,5,60
PEIP,3,7,42.86
PEIP,3,3,100
PEIP,8,9,88.89
PEIP,4,7,57.14
PEIP,11,11,100
PEIP,7,9,77.78
PEIP,5,5,100
PEIP,3,4,75
PEIP,12,12,100
PEIP,5,6,83.33
PEIP,4,5,80
PEIP,13,14,92.86
PEIP,14,14,100
PEIP,13,19,68.42
PEIP,3,4,75
PEIP,8,8,100
PEIP,12,13,92.31
PEIP,16,21,76.19
PEIP,10,11,90.91
PEIP,1,7,14.29
PEIP,11,12,91.67
PEIP,2,2,100
PEIP,7,8,87.5
PEIP,2,4,50
PEIP,11,12,91.67
PEIP,14,17,82.35
PEIP,24,29,82.76
PEIP,12,13,92.31
PEIP,4,5,80
TLC,7,7,100
TLC,9,9,100
TLC,4,10,40
TLC,9,10,90
TLC,12,13,92.31
TLC,29,30,96.67
TLC,3,3,100
TLC,6,10,60
TLC,7,7,100
TLC,3,3,100
TLC,2,3,66.67
TLC,12,12,100
TLC,7,8,87.5
TLC,6,8,75
TLC,2,5,40
TLC,32,32,100
TLC,3,5,60
TLC,9,12,75
TLC,1,2,50
TLC,28,34,82.35
TLC,12,12,100
TLC,22,23,95.65
TLC,3,3,100
TLC,15,15,100
TLC,22,22,100
TLC,1,2,50
TLC,3,4,75
TLC,10,10,100
TLC,2,2,100
TLC,3,3,100
TLC,34,36,94.44
TLC,9,10,90
TLC,15,15,100
TLC,29,29,100
TLC,7,8,87.5
TLC,15,15,100
TLC,24,26,92.31
TLC,1,4,25
TLC,9,10,90
TLC,8,10,80
TLC,10,11,90.91
TLC,3,8,37.5
TLC,2,3,66.67
TLC,3,5,60
TLC,8,10,80
TLC,6,7,85.71
TLC,12,13,92.31
TLC,10,12,83.33
TLC,28,33,84.85
TLC,8,9,88.89
TLC,17,19,89.47
TLC,24,24,100
TLC,17,21,80.95
TLC,17,21,80.95
TLC,4,5,80
TLC,4,4,100
TLC,33,35,94.29
TLC,3,6,50
TLC,3,6,50
TLC,15,17,88.24
TLC,3,3,100
TLC,7,7,100
TLC,3,3,100
TLC,25,27,92.59
TLC,19,33,57.58
TLC,2,2,100
TLC,5,8,62.5
TLC,18,20,90
TLC,18,20,90
TLC,2,4,50
TLC,3,5,60
TLC,2,2,100
TLC,28,29,96.55
TLC,11,13,84.62
TLC,15,16,93.75
TLC,8,8,100
TLC,1,2,50
TLC,26,26,100
TLC,15,15,100
TLC,9,12,75
TLC,1,4,25
TLC,12,12,100
TLC,15,20,75
TLC,5,6,83.33
TLC,7,7,100
TLC,7,7,100
TLC,2,2,100
TLC,3,3,100
TLC,10,11,90.91
TLC,7,7,100
TLC,11,11,100
TLC,6,7,85.71
TLC,35,35,100
TLC,1,3,33.33
TLC,2,4,50
TLC,7,7,100
TLC,3,5,60
TLC,11,13,84.62
TLC,18,20,90
TLC,14,14,100
TLC,14,14,100
TLC,7,8,87.5
TLC,1,2,50
TLC,9,11,81.82
TLC,10,10,100
TLC,6,7,85.71
TLC,16,17,94.12
TLC,10,10,100
TLC,11,11,100
TLC,10,11,90.91
TLC,8,9,88.89
TLC,11,13,84.62
TLC,4,6,66.67
TLC,12,12,100
TLC,17,19,89.47
TLC,6,8,75
TLC,16,17,94.12
TLC,3,4,75
TLC,14,14,100
TLC,35,36,97.22
TLC,12,12,100
TLC,5,6,83.33
TLC,3,3,100
TLC,30,30,100
TLC,10,11,90.91
TLC,6,6,100
TLC,4,4,100
TLC,4,5,80
TLC,18,20,90
TLC,22,23,95.65
TLC,35,35,100
TLC,0,6,
TLC,8,9,88.89
TLC,28,28,100
TLC,29,32,90.63
TLC,3,3,100
TLC,14,16,87.5
TLC,21,21,100
TLC,4,4,100
TLC,10,12,83.33
TLC,6,10,60
TLC,2,3,66.67
TLC,4,6,66.67
TLC,31,35,88.57
TLC,17,18,94.44
TLC,3,4,75
TLC,2,3,66.67
TLC,8,8,100
TLC,5,6,83.33
TLC,8,9,88.89
TLC,5,6,83.33
TLC,6,7,85.71
TLC,3,3,100
TLC,2,4,50
TLC,4,4,100
TLC,9,9,100
TLC,1,3,33.33
TLC,1,3,33.33
TLC,12,13,92.31
TLC,9,9,100
TLC,6,10,60
TLC,17,20,85
TLC,3,3,100
TLC,5,5,100
TLC,3,3,100
TLC,7,7,100
TLC,3,3,100
TLC,29,33,87.88
TLC,11,11,100
TLC,11,19,57.89
TLC,1,4,25
TLC,16,18,88.89
TLC,6,6,100
TLC,11,15,73.33
TLC,10,15,66.67
TLC,6,6,100
TLC,5,5,100
TLC,10,12,83.33
TLC,17,17,100
TLC,9,11,81.82
TLC,24,31,77.42
TLC,12,25,48
TLC,6,9,66.67
TLC,12,13,92.31
TLC,22,24,91.67
TLC,8,8,100
TLC,12,12,100
TLC,8,9,88.89
TLC,6,7,85.71
TLC,7,7,100
TLC,10,11,90.91
TLC,21,24,87.5
TLC,10,11,90.91
TLC,3,3,100
TLC,27,30,90
TLC,6,8,75
TLC,23,25,92
TLC,12,13,92.31
TLC,17,18,94.44
PT4K,2,2,100
PT4K,28,30,93.33
PT4K,6,7,85.71
PT4K,5,7,71.43
PT4K,17,18,94.44
PT4K,24,25,96
PT4K,22,26,84.62
PT4K,5,5,100
PT4K,27,28,96.43
PT4K,1,4,25
PT4K,2,14,14.29
PT4K,7,7,100
PT4K,6,6,100
PT4K,4,7,57.14
PT4K,4,7,57.14
PT4K,5,9,55.56
PT4K,15,15,100
PT4K,21,24,87.5
PT4K,3,3,100
PT4K,15,17,88.24
PT4K,9,14,64.29
PT4K,16,16,100
PT4K,1,3,33.33
PT4K,3,3,100
PT4K,12,13,92.31
PT4K,13,13,100
PT4K,13,16,81.25
PT4K,13,16,81.25
PT4K,34,34,100
PT4K,6,7,85.71
PT4K,7,7,100
PT4K,18,19,94.74
PT4K,8,11,72.73
PT4K,5,8,62.5
PT4K,2,4,50
PT4K,5,5,100
PT4K,6,6,100
PT4K,1,2,50
PT4K,4,4,100
PT4K,9,9,100
PT4K,17,17,100
PT4K,11,11,100
PT4K,17,17,100
PT4K,2,8,25
PT4K,2,3,66.67
PT4K,11,12,91.67
PT4K,11,13,84.62
PT4K,2,4,50
PT4K,13,13,100
PT4K,1,2,50
PT4K,26,26,100
PT4K,22,22,100
PT4K,6,6,100
PT4K,12,21,57.14
PT4K,11,13,84.62
PT4K,1,1,100
PT4K,4,4,100
PT4K,12,14,85.71
PT4K,7,7,100
PT4K,1,6,16.67
PT4K,9,12,75
PT4K,7,10,70
PT4K,13,14,92.86
PT4K,11,11,100
PT4K,6,7,85.71
PT4K,7,7,100
PT4K,6,8,75
PT4K,17,17,100
PT4K,8,8,100
PT4K,7,8,87.5
PT4K,26,27,96.3
PT4K,21,21,100
PT4K,2,3,66.67
PT4K,3,3,100
PT4K,15,16,93.75
PT4K,19,22,86.36
PT4K,12,16,75
PT4K,3,5,60
PT4K,6,11,54.55
PT4K,2,3,66.67
PT4K,34,34,100
PT4K,1,3,33.33
PT4K,0,4,
PT4K,3,3,100
PT4K,21,21,100
PT4K,3,4,75
PT4K,7,8,87.5
PT4K,9,10,90
PT4K,3,3,100
PT4K,21,23,91.3
PT4K,22,22,100
PT4K,4,6,66.67
PT4K,3,4,75
PT4K,14,16,87.5
PT4K,8,9,88.89
PT4K,7,9,77.78
PT4K,19,19,100
PT4K,2,8,25
PT4K,4,6,66.67
PT4K,21,21,100
PT4K,10,11,90.91
PT4K,8,8,100
PT4K,13,13,100
UpTo3,12,14,85.71
UpTo3,4,7,57.14
UpTo3,1,2,50
UpTo3,3,3,100
UpTo3,4,6,66.67
UpTo3,14,17,82.35
UpTo3,5,10,50
UpTo3,6,9,66.67
UpTo3,32,34,94.12
UpTo3,1,4,25
UpTo3,3,6,50
UpTo3,24,32,75
UpTo3,7,9,77.78
UpTo3,1,3,33.33
UpTo3,12,13,92.31
UpTo3,13,14,92.86
UpTo3,8,9,88.89
UpTo3,8,8,100
UpTo3,5,5,100
UpTo3,9,11,81.82
UpTo3,14,15,93.33
UpTo3,6,8,75
UpTo3,31,36,86.11
UpTo3,8,8,100
UpTo3,5,7,71.43
UpTo3,5,7,71.43
UpTo3,4,5,80
UpTo3,11,17,64.71
UpTo3,10,24,41.67
UpTo3,4,5,80
UpTo3,12,14,85.71
UpTo3,10,11,90.91
UpTo3,4,7,57.14
UpTo3,10,12,83.33
UpTo3,15,17,88.24
UpTo3,31,31,100
UpTo3,14,15,93.33
UpTo3,6,11,54.55
UpTo3,7,7,100
UpTo3,10,10,100
UpTo3,12,14,85.71
UpTo3,5,5,100
UpTo3,5,6,83.33
UpTo3,20,21,95.24
UpTo3,22,24,91.67
UpTo3,7,10,70
UpTo3,6,8,75
UpTo3,10,11,90.91
UpTo3,4,4,100
UpTo3,5,7,71.43
UpTo3,3,4,75
UpTo3,9,10,90
UpTo3,1,5,20
UpTo3,3,3,100
UpTo3,3,4,75
UpTo3,6,6,100
UpTo3,19,22,86.36
UpTo3,6,6,100
UpTo3,27,31,87.1
UpTo3,17,17,100
UpTo3,31,33,93.94
UpTo3,13,13,100
UpTo3,1,4,25
UpTo3,4,4,100
UpTo3,4,4,100
UpTo3,26,28,92.86
UpTo3,4,9,44.44
UpTo3,9,11,81.82
UpTo3,2,2,100
UpTo3,20,23,86.96
UpTo3,8,13,61.54
UpTo3,5,6,83.33
UpTo3,6,7,85.71
UpTo3,6,6,100
UpTo3,7,8,87.5
UpTo3,7,11,63.64
UpTo3,10,11,90.91
UpTo3,9,9,100
UpTo3,5,11,45.45
UpTo3,4,4,100
UpTo3,13,14,92.86
UpTo3,11,13,84.62
UpTo3,6,7,85.71
UpTo3,2,4,50
UpTo3,9,11,81.82
UpTo3,34,34,100
UpTo3,7,7,100
UpTo3,5,6,83.33
UpTo3,3,5,60
UpTo3,1,3,33.33
UpTo3,5,5,100
UpTo3,3,3,100
UpTo3,7,7,100
UpTo3,2,2,100
UpTo3,3,4,75
UpTo3,16,16,100
UpTo3,1,2,50
UpTo3,11,12,91.67
UpTo3,12,12,100
UpTo3,1,3,33.33
UpTo3,15,17,88.24
UpTo3,11,15,73.33
UpTo3,11,16,68.75
UpTo3,11,11,100
UpTo3,12,12,100
UpTo3,15,20,75
UpTo3,12,15,80
UpTo3,27,32,84.38
UpTo3,2,5,40
UpTo3,3,5,60
UpTo3,4,4,100
UpTo3,5,12,41.67
UpTo3,7,12,58.33
UpTo3,16,17,94.12
UpTo3,3,7,42.86
UpTo3,3,7,42.86
UpTo3,5,6,83.33
UpTo3,9,11,81.82
UpTo3,2,3,66.67
UpTo3,11,12,91.67
UpTo3,29,30,96.67
UpTo3,7,8,87.5
UpTo3,8,12,66.67
UpTo3,4,4,100
UpTo3,17,18,94.44
UpTo3,9,11,81.82
UpTo3,5,7,71.43
UpTo3,3,3,100
UpTo3,14,15,93.33
UpTo3,12,13,92.31
UpTo3,23,24,95.83
UpTo3,4,8,50
UpTo3,26,28,92.86
UpTo3,17,19,89.47
UpTo3,4,6,66.67
UpTo3,8,9,88.89
UpTo3,8,11,72.73
UpTo3,3,7,42.86
UpTo3,11,11,100
UpTo3,7,11,63.64
UpTo3,9,10,90
UpTo3,5,5,100
UpTo3,21,24,87.5
UpTo3,30,35,85.71
UpTo3,4,4,100
UpTo3,3,6,50
UpTo3,19,23,82.61
UpTo3,4,6,66.67
UpTo3,4,4,100
UpTo3,14,17,82.35
UpTo3,19,19,100
UpTo3,34,35,97.14
UpTo3,7,7,100
UpTo3,5,8,62.5
UpTo3,15,17,88.24
UpTo3,7,10,70
UpTo3,6,7,85.71
UpTo3,4,7,57.14
UpTo3,4,5,80
UpTo3,2,3,66.67
UpTo3,5,7,71.43
UpTo3,9,10,90
UpTo3,5,7,71.43
UpTo3,8,9,88.89
UpTo3,2,3,66.67
UpTo3,4,5,80
UpTo3,26,27,96.3
UpTo3,35,36,97.22
UpTo3,10,14,71.43
UpTo3,8,9,88.89
UpTo3,3,3,100
UpTo3,14,16,87.5
UpTo3,17,21,80.95
UpTo3,2,3,66.67
UpTo3,10,11,90.91
UpTo3,10,10,100
UpTo3,8,13,61.54
UpTo3,12,16,75
UpTo3,16,18,88.89
UpTo3,11,12,91.67
UpTo3,5,9,55.56
UpTo3,2,4,50
UpTo3,1,1,100
UpTo3,11,12,91.67
UpTo3,16,17,94.12
UpTo3,5,6,83.33
UpTo3,16,20,80
UpTo3,9,10,90
UpTo3,0,2,
UpTo3,9,9,100
UpTo3,8,8,100
UpTo3,13,15,86.67
UpTo3,9,13,69.23
UpTo3,5,7,71.43
UpTo3,15,17,88.24
UpTo3,32,35,91.43
UpTo3,3,4,75
UpTo3,4,5,80
UpTo3,35,35,100
UpTo3,3,4,75
UpTo3,22,25,88
UpTo3,4,4,100
UpTo3,4,6,66.67
UpTo3,7,9,77.78
UpTo3,2,4,50
UpTo3,3,4,75
UpTo3,5,6,83.33
UpTo3,2,7,28.57
UpTo3,4,5,80
UpTo3,1,2,50
UpTo3,8,10,80
UpTo3,5,7,71.43
UpTo3,32,35,91.43
UpTo3,14,14,100
UpTo3,4,4,100
UpTo3,3,5,60
UpTo3,6,7,85.71
UpTo3,4,4,100
UpTo3,4,6,66.67
UpTo3,8,12,66.67
UpTo3,6,7,85.71
UpTo3,12,12,100
UpTo3,6,7,85.71
UpTo3,29,30,96.67
UpTo3,3,6,50
UpTo3,6,7,85.71
UpTo3,9,9,100
UpTo3,2,5,40
UpTo3,4,7,57.14
UpTo3,17,19,89.47
UpTo3,15,15,100
UpTo3,4,5,80
UpTo3,17,17,100
UpTo3,11,12,91.67
UpTo3,18,19,94.74
UpTo3,13,17,76.47
UpTo3,7,8,87.5
UpTo3,10,10,100
UpTo3,1,3,33.33
UpTo3,5,5,100
UpTo3,3,6,50
UpTo3,5,6,83.33
UpTo3,11,12,91.67
UpTo3,4,4,100
UpTo3,16,18,88.89
UpTo3,3,4,75
